COUNTY,03/26,03/27,03/28,03/29,03/30,03/31,04/01,04/02,04/03,04/04,04/05,04/07,04/08,04/09,04/10,04/11,04/12,04/13,04/14,04/15,04/16,04/17,04/20,04/21,04/22,04/23,04/24,04/25,04/26,04/27,04/28,04/29,04/30,05/01,05/02,05/03,05/04,05/05,05/06,05/07,05/08,05/09,05/10,05/11,05/12,05/13,05/14,05/15,05/16,05/17,05/18,05/19,05/20,05/21,05/22,05/23,05/24,05/25,05/26,05/27,05/28,05/29,05/30,05/31,06/02,06/03,06/04,06/05,06/06,06/07,06/08,06/09,06/10,06/12,06/13,06/14,06/15,06/16,06/17,06/18,06/19,06/20,06/21,06/22,06/23,06/24,06/25,06/26,06/27,06/28,06/29,06/30,07/01,07/02,07/03,07/04,07/05,07/06,07/07
Charlotte,82672,186611,57054,45057,10754599,73959,76644,78887,67982,43315,33219,65858,68097,69065,70435,47893,35449,67811,69388,72335,70273,76090,70921,75069,76471,77567,75609,56392,47543,81090,81401,82963,78821,93613,70535,61411,85695,86056,88109,92359,101661,82764,62362,91628,90193,90936,92916,97861,77786,70097,89630,92124,96412,100855,110414,86071,66650,73553,97712,97797,99932,108408,87238,77210,95022,93482,94690,105628,76718,70818,98262,98062,100000,115712,90442,82383,101684,100808,104142,105273,115357,98387,86522,105339,100503,101240,106062,114228,93320,80747,98897,99327,102682,111925,103217,71816,81094,99167,96529
Citrus,31192,78843,25315,20754,3692189,29950,31750,32386,29249,20714,14305,27314,28066,29059,28877,23658,16164,28554,28415,28290,28461,32518,28019,32314,32333,32543,29155,27013,23494,34822,34757,33896,32501,38717,31541,26542,35645,35678,35701,36986,40019,34185,25812,36423,37270,38156,37585,40845,34136,29462,34463,37478,39556,40422,44768,36777,31197,27859,38812,39842,39651,42105,36315,31651,39206,39398,38009,41579,28306,24197,37764,39345,40287,44845,37449,32314,39300,40109,41228,40348,40543,34891,29818,35663,36188,37557,37531,39533,32615,27751,35886,38459,43349,46666,45621,34863,31295,40701,42047
Collier,184823,409884,124242,95336,26338889,170020,171818,170158,159620,99468,75727,154675,154456,160934,165378,111938,80213,162531,164439,167589,166548,179604,171881,172426,176802,177734,189230,130955,87456,172052,181465,187355,179619,213447,157341,131208,202405,202544,206030,213029,237438,193150,141294,215325,212257,210427,202173,224089,174591,152927,207451,214754,222224,231642,232694,174009,132305,147242,212765,213458,215472,231866,175992,148640,208080,209869,213370,231111,169587,146679,218322,218028,220525,245013,180986,159731,221377,221256,223464,227331,247701,194299,165012,223113,219880,220378,223895,243599,185524,158620,216490,214114,220510,234920,218501,147360,165241,213985,207772
Desoto,18119,43706,13530,11630,2028471,17274,17320,17858,15583,10876,8235,15523,15857,16333,16454,12022,9367,16382,16058,16619,16181,17356,16352,17278,17718,17791,16646,13112,12243,18449,18569,18792,17060,20610,16437,14415,19058,18857,19264,19564,21888,17827,13957,19259,19282,19185,19943,21092,16406,14891,18604,18845,19526,19615,22520,17073,12798,13798,19026,19159,18709,20863,16739,14685,18219,18627,18176,19453,14002,13224,18087,18269,18921,21471,15950,14798,18850,18700,10515,19366,21434,17223,15547,18870,18631,19555,19250,21254,16119,14313,18203,18602,18885,20446,18055,12816,14553,18841,17845
Glades,3744,8605,2688,2096,408545,3580,3515,3797,3449,2150,1621,3382,3335,3364,3474,2331,1733,3589,3448,3542,3653,3967,3694,3694,3973,3801,3913,2853,2167,3884,3895,3766,3642,4578,3479,2980,4136,4213,4007,4397,4705,3547,2452,4043,4270,3834,3823,4010,2900,2464,3649,3465,3546,3659,4119,2969,2152,2147,3596,3470,3554,3904,3047,2539,3605,3363,3175,3777,2541,2167,3353,3546,3260,3786,2845,2316,3626,0,1683,3797,4182,3172,2723,4000,3811,3699,4007,4440,3204,2771,3963,3847,4235,4159,3614,2638,2901,3808,3913
Hendry,29642,71295,22073,17839,3263774,26396,27978,29195,26858,17908,14112,25434,25700,26663,27794,20110,15233,26909,26682,27902,27607,29121,28562,28578,27937,28749,30022,22673,18446,29864,29813,30050,28738,34265,27453,23209,31411,30569,15516,31687,36099,30160,22724,31633,31539,32103,33280,34556,29084,25365,31022,30829,32497,16789,36510,28779,22012,23683,32383,32590,32495,36479,28573,24596,31265,31161,31482,34841,27056,23955,32089,31640,32661,37643,28917,25637,33034,32944,33828,33067,36794,29757,26040,33136,31969,32809,34057,37122,28907,25655,32913,32123,33279,35296,33371,23862,26639,32331,31452
Hernando,26961,72051,23588,19732,3168648,25456,26869,27343,24889,19622,13814,23265,24241,24574,25569,22666,15735,24177,24555,24622,24292,27925,23509,26804,27497,27513,24061,24952,22005,27160,28114,28657,27675,32662,28188,23643,29273,30318,30122,30968,33382,30352,24108,29775,30827,31384,31665,35551,29981,25639,28454,31832,32577,32813,35537,31239,26760,23483,32334,33107,31406,31511,27616,24680,28845,26937,30808,33983,25109,22587,31640,32676,32972,36106,32224,27526,32815,33091,33827,34428,35661,32886,29220,31189,32606,33698,33933,35022,31191,26721,31780,32862,33139,34573,33618,26413,23954,30347,31875
Highlands,12995,29922,8756,7328,1421173,12345,12442,13013,12158,7165,5585,11615,11629,11758,11675,7718,5904,12150,11931,12270,11777,12594,12196,12484,13063,12983,12823,8859,7758,13021,13212,13146,12457,14683,10534,9126,13436,13352,13445,13993,15489,11365,9426,13600,13496,13652,14870,14809,10634,10016,13360,13417,14118,14515,16806,11397,8759,10302,13806,7965,7548,8746,6652,6181,12986,13478,13587,14551,9970,9458,7358,7173,8983,16229,11535,10814,14253,13064,14081,14106,15833,11504,10993,14404,13514,13862,14178,15444,11072,9869,13485,13193,13261,14864,13517,8800,11454,13841,13174
Hillsborough,535194,1196928,383279,309656,75255971,545296,510096,560386,556021,377412,271153,516336,526327,533361,550389,415977,300776,478994,531736,553367,533980,595553,532887,551567,575955,621875,560898,512784,409202,634409,639872,641531,631090,724627,572573,452966,672277,643362,623498,713076,775472,598501,519365,695556,717435,659672,740427,798441,605348,544382,698486,746337,765784,786123,851183,706558,564822,500308,780274,789466,784923,850424,743883,606944,660661,729127,660905,791302,597239,535146,686324,797275,806317,821186,774698,646079,803835,817086,831303,765864,906780,798960,653802,806624,801721,740006,825480,799733,678079,600652,718396,807937,818302,774462,785259,584499,573174,775718,781137
Lake,45135,104244,31915,28023,4830736,44195,45578,44967,42139,30473,21324,40831,41145,41969,43150,33359,22732,41474,42289,42954,42391,47360,41624,46254,46833,45419,43346,36592,28478,45309,45338,44590,43937,50676,39284,33880,50666,50920,51133,48861,52703,43975,35622,49741,52118,48595,19885,44154,44359,35952,51876,54420,55161,56350,59501,46455,37285,34787,54487,53117,55143,59565,47142,38262,56241,56508,54373,59970,42627,34087,53991,56608,57234,63230,48496,39932,57266,57712,58479,58536,60580,48858,42058,56319,56214,57320,57731,60607,47732,38191,55730,56646,56558,57660,53796,37599,35992,56889,59012
Lee,122493,260509,77214,58394,15460528,113608,107463,119111,104510,61184,45794,101809,104077,105539,107144,68112,46989,105537,107214,111611,109467,116326,111389,112379,114491,117125,120029,81813,60078,114230,120193,123331,117918,135593,94600,75072,129372,130181,133507,137106,145678,109021,82314,136822,136393,138057,138268,146016,110028,88638,135692,142129,144721,150021,159905,118922,89713,99766,147205,149317,150316,159581,121173,99168,147576,144804,149873,158562,120099,101000,151714,152282,155181,169544,126664,107901,156146,155118,158890,159255,170665,135090,110360,156226,155139,156821,160765,170062,129644,107845,145821,101122,138298,154355,138501,91943,101102,142151,147329
Manatee,70486,164287,52535,38741,8080486,67653,70901,71246,58743,41817,27393,60961,61959,64068,66253,50644,31435,60857,64099,66107,62435,71118,59626,68646,68383,69734,58237,55569,42635,70675,71523,72165,68102,79090,63110,47810,75659,76532,76737,78499,83977,70123,49546,75804,65103,51282,52033,52559,42803,33449,47566,52214,53070,54392,56350,42521,32272,32147,52915,53288,54152,56641,43768,34113,53256,50583,51725,53880,36828,32329,52561,53997,54651,57957,43058,29553,54187,55162,55808,55368,57551,45423,35315,52928,54041,55033,54422,56028,43494,32750,51397,53536,54061,54958,47731,32876,30611,50859,52798
Pasco,132473,322180,101518,83325,15321624,122208,125935,129028,121025,88321,66052,111413,113294,115240,120224,94244,69366,114991,114769,120145,116939,130001,114854,124200,126599,128097,116071,109835,94499,129412,131490,134488,132570,154896,126427,106128,141331,140816,142913,148416,163158,142271,118027,147648,147817,149904,154062,168148,145662,124885,145242,153747,157723,165814,185917,153754,125890,126972,161425,159652,163011,177542,157869,134299,156728,157389,156699,174740,134859,119454,154110,159105,162597,187067,164389,141349,164871,163209,166305,172847,189109,173875,149809,168160,159580,165163,170176,185868,165443,137467,163090,162597,170315,181123,171269,124583,132691,164426,159357
Pinellas,117548,283106,88262,74457,16270167,110401,114774,113996,110777,82705,58153,91585,105811,107460,110291,90397,69810,103117,106614,109743,106790,118825,103669,113441,116177,117051,99064,100734,87002,118587,120812,123101,118114,137765,116692,100036,132286,133651,134445,140140,153075,143297,106047,137909,141126,143205,146944,154400,143635,127679,130189,145416,151007,155242,167584,150047,122113,113826,149688,152450,155750,166264,149813,129481,152365,148321,149730,163472,116252,110444,153229,157491,159213,179210,151380,134934,159858,161056,164484,166564,177625,163851,140128,156867,158293,161432,166713,174313,149190,124034,154095,157123,158990,167883,160921,127497,119868,151060,154953
Polk,189278,433206,134632,109130,23316369,127192,183116,184567,171330,116744,89908,163363,165967,169346,169508,129365,96169,167972,167144,160499,168597,185393,167565,177969,182435,141792,168062,149683,125869,188024,186536,190749,185004,215706,171398,143950,201379,200733,203418,209619,228955,198003,165102,209890,209029,211721,216283,234306,195651,172045,207976,216198,223139,230948,257058,218508,181306,171631,226918,231381,229621,252260,224620,114651,220428,223142,217612,245825,191413,172559,226032,151820,232331,269363,229197,203710,240123,240022,244962,250000,272191,254014,220306,243359,237693,239669,158361,167167,227558,197531,235872,235934,239895,255110,247124,192202,197198,235556,230403
Sarasota,102385,227889,70087,53667,16690677,95934,97743,100390,86382,54610,39510,83865,85705,88083,121950,81680,57251,120111,121837,125362,122218,131875,121469,128801,132051,133146,122403,95157,77208,137598,138896,141465,136745,159121,114634,95108,149505,151259,155841,162563,167600,137232,107910,160309,161539,162963,167737,175454,136446,114993,154674,164810,173232,182000,197255,151262,116864,126214,179077,178457,181763,195313,154327,128902,175553,170700,174965,190582,126411,111624,163249,166551,169404,191877,151371,130593,170042,170596,180708,196539,153329,174759,147638,189509,186628,185672,194041,208144,166698,136008,181450,181872,187510,201595,183307,122614,137956,179135,176535
Sumter,36088,97241,31606,27507,8776518,31378,32885,34177,61576,47222,39445,52546,53947,56419,59001,45122,36916,56317,54812,56980,57364,63074,56541,59608,61733,62833,65446,59523,56529,67129,66355,68963,72790,88838,73809,68806,74124,70101,74486,81056,96184,84603,78251,82875,77786,78241,85245,99650,89405,85350,82126,79063,82739,98111,123138,101382,84161,97143,91178,88528,92893,108984,106029,98844,85100,87208,91947,108543,95445,88590,85018,83663,88692,119531,115080,107859,97382,88021,94255,104280,125416,124586,114901,104834,90848,95559,101839,123824,122623,108055,98890,88981,104054,121724,115987,77768,114438,107070,91191
Alachua,92834,245747,80112,68083,11861297,85510,89802,91746,88081,67677,54930,79657,80070,82646,86704,68611,54413,78795,76698,80243,85931,91792,81598,86004,88654,89498,91596,81170,72233,90425,92408,95431,100061,113535,94300,82964,100307,99878,101227,107616,119104,99704,86452,107199,105110,106102,111054,123125,102781,93679,106555,107740,111395,119973,141270,111332,92259,102434,114103,114928,59626,132104,118560,107910,115762,116482,119265,135700,111190,95428,117246,116202,119877,141968,125833,115161,124966,120028,123635,131301,148071,130780,114217,130550,121312,123833,131102,146103,127395,116049,125297,122412,131997,143193,137491,90080,118842,131855,120127
Baker,2631,8048,2735,2389,250426,2517,2567,2702,2645,2330,1788,2353,2391,2659,2799,2506,2171,2353,2345,2273,2695,2903,2536,2626,2677,2639,2906,2878,2500,2707,2627,2822,2883,3252,3188,2686,2824,2832,2808,2918,3309,3066,2709,2834,2787,2846,3078,3359,3249,2845,2914,2837,2864,3157,3494,2993,2577,2486,2776,2862,3060,3394,3141,2653,2850,2961,3009,3214,2941,2083,2732,2671,2840,3188,3048,2690,3030,3075,3115,3121,3422,3208,2766,2826,2983,2950,2998,3460,3079,2759,2965,2929,3014,3288,3183,2641,2550,2857,2707
Bradford,19484,48866,15694,13204,2288179,17474,17948,18014,16939,12439,10020,15455,15692,16120,16692,12865,9748,15548,15131,15732,16830,17873,16099,17477,17386,17608,18208,15896,13865,18359,18353,19030,19713,22807,18380,16180,19855,19586,20195,21711,24185,20560,17839,21760,21109,21334,22460,25347,21652,19307,22018,21634,22511,24827,28298,22823,18808,20209,23377,23234,23562,32125,29238,25904,28646,29427,29784,33029,27104,21957,28038,28116,28649,34612,31118,27635,30446,29718,30662,32274,36567,32323,27948,31191,29564,30290,32334,6741,30896,26986,30390,23842,25801,32345,31080,21171,26456,30544,5750
Columbia,81774,221302,71068,64730,9874912,70527,73902,78359,68961,52664,46618,62643,62640,65884,66161,50401,42835,61592,62032,63655,67082,71358,65631,69922,71186,70699,78762,66175,65063,73715,74326,78466,85937,97607,80515,78249,84242,82254,84199,92538,105303,88703,84174,93435,87864,90438,96540,109468,92528,93496,92843,91050,96540,111784,138329,109767,91487,113787,83342,100474,106432,121650,112948,110874,97967,101108,108898,123260,111067,96300,100389,96789,103794,132553,123423,121261,112790,103162,108488,120752,145122,134033,122252,121161,105936,109223,121481,142300,134301,100233,115280,108944,122022,144884,139546,87239,136401,126308,105119
Dixie,2283,6672,2247,1950,216652,2017,2261,2463,2326,2079,1623,2058,2101,2205,2391,2121,1714,2030,1868,1937,2391,2530,2185,2389,2313,2318,2388,2436,2195,2350,2381,2529,2465,2943,2564,2437,2574,2524,2549,2540,2972,2544,2315,2550,2507,2549,2613,2880,2761,2497,2551,2431,2502,2718,3101,2773,2394,2514,2458,2526,2570,2766,2599,2356,2566,2602,2693,2813,2333,1964,2499,2492,2565,2869,2620,2511,2627,2605,2546,2710,3014,2813,2555,2609,2549,2688,2907,2994,2503,2367,2670,2561,2743,2983,3002,2937,2525,2470,2492
Hamilton,64208,176110,59036,51827,7404251,53646,56487,59464,50712,41571,36427,45280,46138,48060,46801,36377,30048,43157,46268,47155,49770,50865,46483,51256,52939,51826,58301,50485,48999,47970,50516,52343,59033,67182,58913,57045,57076,60714,63184,69956,79097,70906,66067,68965,65762,68169,73099,83542,75215,76182,68300,68341,73911,88835,109948,90377,74746,94677,79671,40458,82159,94362,95401,91893,73028,75628,83583,95778,92527,44804,39801,37831,40769,104729,105875,100829,85501,77668,83054,93877,59387,114787,100246,94871,82217,85126,97609,116320,121347,110944,90603,85586,99034,120035,118103,73112,120637,103639,82454
Lafayette,4172,11566,3858,3067,413733,3806,4005,4167,4058,3159,2509,3596,3700,3913,4085,3545,2552,3668,3326,3369,4140,4630,3789,3959,4018,4046,4538,4222,3642,4286,4192,4164,4430,5493,4451,4084,4468,4312,4372,4611,5445,4467,3852,4510,4423,4478,4722,5608,4933,4350,4530,4651,4690,5136,6215,5092,4258,4491,4574,4627,4955,5608,4923,4541,4937,4936,4938,5273,4195,3611,4660,4526,4959,5589,5497,4819,5280,5070,5142,5692,6335,5564,5034,5037,4757,4861,5620,5922,5117,4656,5295,5084,5252,6022,5576,4465,4846,4693,4466
Levy,27926,75801,24278,20792,3023329,28327,36168,29368,28288,21272,16714,25524,25062,26268,26455,22872,17376,24720,23599,27146,29248,41038,27465,35677,32148,27718,28662,25176,22633,36332,29727,28800,29554,36243,28784,25161,31063,30273,30131,33505,37244,30616,26008,36236,33518,31064,33034,37283,31564,28691,30773,31706,31811,34708,42513,34231,28437,29224,32189,32277,34392,38191,32263,29813,32518,34076,34257,37884,28345,24814,32369,31628,33633,39900,33633,31153,35258,33507,34323,36708,41481,35094,32742,34109,32204,33137,35866,39932,31476,29120,30790,30047,31916,36625,36895,25308,29647,30808,29355
Madison,23242,62855,19939,18218,2954801,20254,21798,22583,20587,15692,13513,5458,17514,18988,19631,15594,12966,18064,18444,18533,20214,21463,6462,19864,20449,20188,23173,19133,18293,21225,20805,21899,6958,7958,6073,4212,7556,24266,24538,27043,31110,25597,24416,27155,25256,25522,7529,31307,24951,25122,26482,26148,26999,31091,39291,29070,24152,30668,29731,7992,30459,34354,29551,30115,28117,28860,31231,35073,28886,22929,28965,28028,29808,36487,30938,32589,32457,29907,30115,33937,39739,32752,31946,33335,29542,29786,32521,37643,31772,31841,31393,30109,32245,37552,37474,23026,34306,33687,28844
Marion,109278,342635,109964,91913,15276868,99074,127293,130249,120514,87866,56548,107684,78437,59795,92315,73265,55715,109967,95471,113148,116501,127173,111732,119388,99740,123289,126292,110675,96984,102710,125878,132249,135810,155315,127273,112143,141075,138208,140519,122632,136767,140324,120529,150185,145334,120930,154635,142073,142945,129084,122697,121568,125788,168454,197083,157839,107325,114511,131524,160739,163472,183558,130270,119973,158851,132624,162745,185840,144983,132372,155509,156781,163365,185053,171429,130614,172551,164314,169540,148674,163484,180372,156895,177083,136150,169587,179913,202027,175795,126912,141360,165719,176701,197906,188965,99277,133854,174987,163133
Suwannee,24121,64933,20388,18901,3154396,20847,22348,23416,21167,15642,13854,18856,19036,19525,20681,15622,13244,19313,18523,19060,20728,23113,20755,21179,21980,21728,24566,20066,19455,23093,22843,23571,25785,30499,24086,23866,26299,24955,25346,27953,32612,26069,25181,28535,26331,26601,29030,32945,26115,26892,28057,26921,28271,32545,41309,30774,25979,32690,30947,29500,31550,36304,5810,31943,29288,22928,32174,37062,30045,24025,29290,29061,30515,38462,32610,34285,33931,30872,31827,35664,42136,35022,34227,35299,31141,6437,34242,40228,33216,34004,32980,31657,34466,40923,39545,24372,36887,35524,30310
Taylor,1730,4048,1194,1048,184661,1503,1761,1747,1553,1031,725,1591,1654,1574,1399,1106,701,1467,1493,1328,1528,1695,1554,1725,1737,1500,1653,1319,1258,1844,1818,1817,1910,2184,1702,1508,1860,1839,1875,2118,2162,1653,1447,1944,1902,1955,1929,2243,1801,1785,1769,1799,1738,1929,2508,2058,1865,1874,1785,1747,1773,2099,1728,1865,1757,1857,1997,2127,1500,1253,1835,1629,1899,2190,1925,2015,2077,1981,1940,2263,2635,2165,2031,2140,1842,1926,2007,2333,1948,1849,1888,1740,1996,2413,2116,1378,2073,1904,1695
Bay,106805,248579,76060,61116,11912506,95038,105501,103244,92143,62023,49428,90289,91172,92509,95781,69949,46215,93473,94694,99265,102809,106635,101168,102977,104999,94090,117960,88095,74023,109930,110257,106648,118463,131797,106044,90365,125738,127118,128340,131966,145177,122244,104208,132741,133997,137365,141557,137572,117881,97296,121673,141681,121371,150167,171178,145864,124593,129748,146004,147292,152078,164757,147558,125448,139750,143684,152713,161139,125853,100376,142832,141850,149758,169970,152747,130128,153988,141975,155484,149893,156856,165224,134074,155283,155025,156792,162344,152485,153326,110211,138276,154222,139730,166732,155771,124145,123179,133025,145192
Calhoun,15385,38740,12204,10113,1606138,13863,15360,15073,14542,9628,7941,13351,13489,14076,14881,10958,7884,13710,14131,14414,15488,16561,12301,13549,15309,13369,17911,13238,11190,15755,12160,15143,17033,19888,15176,14160,17570,17369,17682,17858,20765,16778,15417,17358,17386,18183,18584,21429,17499,15882,17699,18111,14316,20360,24432,19594,16130,18020,18631,18447,19379,21235,19778,16856,18195,18757,19443,21722,16582,13324,17857,14372,19405,22669,21785,18639,19328,19130,19829,20506,23499,23271,18721,19679,18425,17394,18373,22042,22212,17483,19130,15539,20184,22207,21580,17408,18058,19180,17552
Escambia,188975,435500,134950,106435,22015349,169279,183747,180247,166519,111205,87905,158196,161587,166738,161801,123129,78440,164391,169851,173228,173864,180692,172181,176084,179944,152632,199463,146540,119610,182339,185914,177096,202184,220231,172475,144220,208247,211900,214593,221403,234845,190358,170963,218628,141143,188233,231154,249222,208595,173561,215516,238553,231268,259046,287691,232780,193281,208897,193707,188950,202762,277610,238762,207090,246838,248341,262420,285320,225348,141056,227701,245066,256971,301468,269790,230121,265751,264322,273875,283816,314838,283610,228786,262964,261289,206351,278116,298682,249162,201671,242656,246983,254142,290255,267312,196559,198003,253754,245818
Franklin,4110,11610,3872,3450,445038,3566,4078,4143,3690,3050,2473,3549,3451,3647,3365,3045,2055,3196,3314,3163,3874,4057,3654,3841,3942,3383,4194,3933,3495,3969,4095,3812,4237,5003,5050,4376,4545,4383,4572,4959,5386,5720,5377,5105,5024,5267,5515,6492,8345,7238,4785,5344,5189,5852,8020,9728,8358,7006,5242,5499,5572,5828,7678,8075,5486,5523,5646,5936,5947,4357,5009,4624,5867,6748,9154,8846,6382,6002,6595,6830,7771,11345,8624,6083,5451,5525,6072,7030,9455,7665,5755,5687,6104,6520,7208,7406,7298,5383,4764
Gadsden,35540,89798,28169,25114,4131625,31505,34553,14433,13627,23921,20849,12730,12514,13204,13168,11040,8490,28992,30624,30910,32969,34510,31569,13526,33398,30677,37186,29380,26684,34123,34667,34555,38590,16178,33659,31358,37793,37822,38438,41413,45042,37428,35674,39785,39544,40282,42513,45650,37786,35698,40078,40596,40106,46396,54089,41929,35364,42238,42989,42957,45177,48085,42733,40841,43681,44794,16556,50560,40298,32464,42828,41383,44908,52840,45089,44322,47023,45444,46992,50664,56017,48392,44732,47868,44326,45330,48976,54392,46477,43750,46078,37848,48925,55176,51805,34616,44330,47627,42784
Gulf,4604,11009,3398,2877,549437,4126,4570,4461,3958,2702,2203,3853,3884,4058,4169,3140,2175,3674,3897,3863,4632,4681,4203,4621,5039,4123,4768,4010,2033,4518,4750,4437,4915,5578,4427,3722,5235,5265,5264,5516,5838,4721,4234,5186,5333,5477,5634,6097,5469,4363,5399,5632,5543,6536,7080,6610,5125,5585,5884,6015,6109,6391,6801,5066,5929,6276,6262,6577,5995,3954,5924,5892,6469,7034,7649,5419,6560,6652,6508,6681,7091,8309,5716,6297,6022,6385,6556,6872,7733,5165,6160,6351,6546,7050,6586,6655,5315,3661,0
Holmes,2194,4895,1558,1172,197057,1801,1864,1932,1924,1324,1024,1863,1921,1951,1808,1536,1000,2002,1990,2168,2126,2287,2215,2154,2278,1535,2228,1807,1302,2150,2300,2120,2361,2505,1824,1401,2259,2198,2210,2322,2315,1970,1563,2192,2303,2238,2506,2331,1835,1455,2246,2287,2238,2438,2470,2054,1567,1750,2351,2349,2440,2472,2052,1577,2250,2317,2325,2400,1964,1388,2133,2054,2287,2598,2217,1862,2362,2296,2392,2648,2640,2216,1877,2477,2217,2309,2368,2455,2265,1604,2398,2251,2427,2512,2293,1696,1690,2383,2134
Jackson,49038,123678,38880,33038,5676129,43640,49830,49678,44052,31394,25749,41533,41499,43391,44811,33306,24442,42802,43935,47210,47843,49859,45736,47513,47767,40773,55231,40937,36640,48791,49698,49497,55941,62481,48536,44454,55855,55438,56213,58195,65258,54138,48750,54899,39079,48768,59121,67945,55399,50881,57997,57760,59860,69440,81921,63722,52466,62071,63277,63257,67451,73741,66562,59354,62392,64792,68234,75049,63200,48866,62005,60220,66070,79175,74184,65808,68854,65912,67791,72676,82566,78874,64920,68598,62440,66157,71603,78548,75916,64635,66876,66302,71336,81177,77496,55807,65318,70734,62671
Jefferson,22285,59924,18628,18061,3056929,18834,20461,21690,18588,14213,13123,17058,16514,18035,18085,13860,12498,17078,16959,17317,19088,20326,18336,18943,19575,19207,22062,18188,18006,20153,20261,20861,23658,27704,22433,22529,23682,23015,23312,25913,30261,24580,24590,26449,24600,24322,26962,30154,24398,25888,25302,25092,25610,30373,38157,28767,24389,31149,28376,27316,29523,33865,29130,30402,27083,27387,30230,34334,27902,25127,27315,26795,28745,36476,31164,33710,31358,28746,29595,33792,39908,33247,33471,6346,5870,5968,13607,38403,32572,33657,31196,29898,31899,39385,37431,21790,36604,33826,28448
Leon,60487,247369,81408,67544,13073660,99648,108567,60662,64920,71232,57966,94500,52053,97174,99785,76320,52257,90665,93984,96217,103776,108509,99097,102679,105711,93833,113904,89615,74199,104688,107323,106637,115910,126859,99259,83619,113960,115616,118827,124553,132589,107041,90308,117800,119525,120237,123897,131544,107308,90506,120370,118386,115462,133538,147043,113414,93611,101260,124370,127903,133670,142070,118193,101498,131711,132548,136109,144999,104203,78576,129392,123932,135362,147335,121567,107676,136490,137148,114690,74335,52713,117133,103065,126878,122981,113234,97117,54049,44770,37450,47745,47945,81166,107798,96170,63894,72039,91871,89527
Liberty,2569,5985,1680,1602,306568,2365,2518,2375,2312,1288,1205,2039,2173,2074,2253,1464,1254,2186,2156,2202,2253,2515,2405,2211,2442,2126,2833,1931,1864,2542,2386,2399,2684,3287,2543,2720,2896,2829,2911,2963,3618,2873,3202,3082,2903,3022,3174,3744,3146,3290,3127,3045,3063,3556,4863,3765,3335,4194,3487,3296,3505,3769,3418,3597,3195,3326,3512,4057,3219,2886,3372,3199,3453,4233,3762,4084,3764,3451,3641,3941,4705,4464,4135,3883,3465,3577,3803,4450,3832,3828,3430,3508,3828,4362,4144,3076,4413,3811,3275
Okaloosa,129502,296693,92291,73341,14772716,113005,125422,123260,106900,73603,59518,118911,130982,133680,134771,101350,63049,132780,137323,143088,144272,148655,141214,146926,149961,124905,162381,122257,101161,151472,155966,148011,168734,178748,143456,122082,176714,181844,184182,190067,198750,166268,144238,188861,164899,192387,205370,219852,186123,154359,190650,207603,203479,223088,239793,209607,183885,185635,220086,221285,228839,242861,213659,181307,223964,223427,194691,204455,169857,119724,197106,218697,232601,259985,235967,203606,238216,238383,245702,246408,262860,237865,195455,228597,229515,236610,249409,258868,231606,191436,233801,237430,240010,245160,225771,159742,156337,201335,221090
Santa Rosa,19039,44292,13957,10391,1764180,17416,19397,19800,18347,11412,9320,17578,17796,18328,17436,12557,8096,17804,18384,19266,18968,20031,18548,17771,19587,15265,21439,14997,12239,17849,19693,18379,20517,21956,15650,12993,20304,20528,23156,24291,23089,17156,13942,20501,18572,21020,21441,23089,17566,13624,19728,21653,21122,22114,22647,17379,14564,14326,21184,21307,22884,21825,17781,14562,22119,21710,22371,23769,15501,10953,20266,21180,21742,24575,18943,15480,22021,22390,23091,23142,24778,19474,15490,21538,21621,21403,22566,23903,18837,14274,20611,21830,22289,22979,18790,14405,13586,19502,21393
Wakulla,14785,40048,12911,10903,1596578,13813,15289,15278,14799,11341,9052,13397,13503,13997,14670,12536,8471,13039,13303,13497,15253,16108,14219,14774,15080,13340,16383,14442,11972,15199,15549,15042,16314,18613,16240,13445,16865,16613,16779,17310,18993,17179,14906,16973,16991,17274,17878,19851,18741,15596,16792,17837,15691,18436,21133,18373,15983,15182,16871,17224,17785,19197,17539,16173,17814,18051,18530,19946,14365,10893,17509,16396,18461,20188,18128,16300,18600,18495,18724,19399,21374,20391,16517,18162,17654,18223,18678,20678,17645,15544,18176,18183,18698,20191,19170,14446,13988,17149,17124
Walton,36870,95588,30383,27742,4586552,30637,33758,34564,29569,22571,20050,28470,28952,30066,29847,23189,18478,29016,29929,30926,32106,33654,30763,32709,33635,29359,38548,17601,17346,25465,34969,35286,40636,44817,36641,37089,39716,40264,39835,41815,48482,42646,41637,43773,41834,43096,46579,52334,44987,45652,42778,43319,45897,54476,68526,56286,46640,58658,51087,48887,52456,59630,59645,56415,48077,48910,48522,60517,59899,43135,45549,47638,50638,66049,71291,63893,55591,51685,54280,59542,70030,77141,62444,57518,51575,52623,59683,68394,76126,64775,54049,53660,58891,69809,67644,51146,66745,60041,50568
Washington,12415,31415,9631,9029,801870,10667,11994,12001,10483,7575,6890,9663,9856,10387,10570,7824,6450,10209,10353,11138,11468,11905,10630,11549,11681,10228,13031,9882,9432,11484,12956,12269,13951,15990,15315,11775,16361,17420,19406,21211,23391,19303,17935,20372,19770,20407,4520,4756,3329,2443,4270,4455,4426,4650,4884,3278,2600,2706,4552,4577,4613,5067,3420,2790,4611,4736,5096,5051,3368,2329,4747,4570,4942,4898,3420,2822,4614,4950,4763,4855,5033,3358,2704,4497,4521,4652,4740,4935,3431,2795,4590,4899,4786,4972,4483,2805,2446,4635,4590
Brevard,168556,541426,171251,142858,28758061,205848,207852,216241,193054,136092,100797,183817,186282,188609,192418,149076,110030,185053,185019,190266,181196,206770,190366,207361,213090,211923,196130,173877,159170,216592,219625,223442,217247,262090,218629,189054,236882,239041,181623,251595,282025,251089,187006,252385,252301,253581,262108,278994,230134,224917,250463,256561,272027,281312,322284,277909,234330,199324,270688,307432,283719,317087,322063,250327,262851,270695,269937,302816,246870,220932,273737,276716,288188,338735,298293,259864,292554,292767,279368,303262,327688,299949,272357,298388,288161,294642,303078,247646,286017,252032,287127,291592,295687,320577,305800,215883,242171,281311,275538
Clay,35815,121633,39379,31794,5230045,45964,47306,49091,45430,34113,24338,43042,43241,44893,31328,38588,16275,27310,41147,28329,47588,50141,44015,33043,48132,47337,48672,43217,35021,48397,49559,49940,49872,55800,30157,37131,50880,53215,35631,54756,58463,48703,25266,52688,54253,54206,56279,59639,32401,39032,52962,39604,56643,58242,61189,49868,40327,38063,52592,56310,56338,60242,48983,41692,59297,59898,57042,61134,32078,19017,55949,55504,50647,62929,51847,43198,41082,61009,60086,62162,43970,35462,43944,58334,58385,59844,60750,62560,49102,41581,56755,56792,59630,61948,54363,40782,37905,55042,57134
Duval,378195,885404,278531,219491,41514840,349028,354745,366348,334882,225029,167843,325043,326009,336488,334662,243780,175820,306065,312742,313672,351245,365784,330895,358473,351845,340939,365809,291947,238431,360132,371153,379496,383854,421080,321924,265563,395330,404210,404941,420201,456018,365646,298215,417660,428208,431071,444892,477916,383366,318380,434553,441477,454321,391653,517708,409981,334470,329581,431737,463220,467316,498666,423058,347949,472767,394478,471513,421330,328943,278758,351792,380586,401399,534414,432946,369664,488767,497797,410502,523512,544801,459906,302793,376829,396746,494345,432428,356570,281168,224184,318008,405390,426355,445997,455776,322478,335327,471132,471482
Flagler,21189,52858,16897,13807,2797208,19869,22836,23872,21610,13769,9050,18596,18711,19058,20362,15649,11563,21387,21268,20393,22035,24760,21477,24770,21753,22043,16412,19729,18861,23875,26590,27165,24346,31788,26978,23527,29694,30723,30177,30758,33740,27282,20322,30014,30891,31184,31313,34066,28626,25711,29751,31434,32694,33358,35591,27027,22611,17383,25024,29867,30628,29650,30342,26443,33194,33245,26662,29869,21117,21483,30444,29221,33886,38906,30531,27046,34797,35269,34584,35250,35974,32773,28921,34383,32449,34032,35004,37400,29981,26836,33394,32866,32693,36108,34285,26892,24460,31797,31997
Nassau,65810,164931,52740,45050,9438728,60556,61067,63162,56060,39711,32333,53112,53413,54899,54999,40716,29480,48829,52370,52660,57457,60359,53706,58861,59779,59488,64622,54062,47566,64139,66668,67674,71756,75734,61587,54722,66929,69653,68996,74102,133890,116434,101136,120877,72264,122477,131235,141695,125095,113248,121853,122922,129706,144734,168952,138006,115670,130167,134020,134742,139435,152404,146148,135863,132702,136496,140070,156954,140884,120129,131712,132580,138814,169241,156544,145125,145349,140065,144971,157805,178042,165444,143008,152027,140815,143635,157218,175543,165689,147269,144903,143011,157054,175482,160518,105334,145162,152988,137655
Orange,250801,475833,145907,119478,35806072,211152,216261,216621,210690,143034,103900,203181,205264,206379,208602,156069,114001,206559,207011,208825,202858,225636,211879,225469,229735,230806,214793,186606,153996,236627,240367,244844,236783,274643,215827,177913,259015,260823,266130,273033,293558,245558,194821,273542,241081,268758,286456,306739,246422,212783,280331,291778,304165,305178,335369,285278,236060,217768,304658,320815,309228,341256,301803,244453,308864,313647,304456,344347,270531,232476,294923,313504,256880,295444,303823,260882,308899,308797,333816,353271,381852,337627,291615,344940,340311,348806,353418,374656,303389,257545,324655,341166,345577,368217,353258,268718,273966,337038,331019
Putnam,27118,69591,22590,18264,2815356,25889,27445,27939,26868,19646,14441,24758,24866,25342,26349,21862,15659,24799,24173,25751,26734,29262,25456,27574,27968,27416,27705,24526,20848,27829,28153,28731,28408,33162,26838,22243,29914,29692,29299,30882,32687,27788,22160,30119,30347,30624,31375,33542,27793,22876,30147,31066,31383,32297,34839,30049,24939,22822,30813,31324,31180,33268,27710,23838,31979,32206,29507,33657,25352,20445,30534,31511,31324,34666,28134,23943,31465,31838,32125,32821,34400,29491,25259,31466,30457,31276,32269,33943,26638,23076,30654,30819,31756,33017,31730,23096,21463,29819,30839
Seminole,117875,270746,85414,68097,13425717,108550,111686,114140,106732,72212,51235,101147,101773,104177,107832,81917,58571,102514,104043,105378,104012,116706,102967,110531,112284,110133,108564,92422,76199,114286,115111,116736,114448,130477,105258,86436,122753,124119,124687,128393,138165,116020,92444,125739,128831,129802,130581,141573,115470,97425,127296,132695,136788,138804,150602,124148,101388,90749,134668,137396,135749,150721,124563,102844,139323,82742,135748,152327,113793,96471,135497,140928,142620,161706,133255,108476,142600,145307,145678,148956,154698,134126,111310,141759,140349,144989,147970,155506,126353,105307,139556,141617,142898,152863,142241,100068,97031,136411,138793
St. Johns,67709,179418,59470,46819,8103641,63681,67214,67970,62615,49694,35677,58707,59532,61189,65244,57054,35393,56945,55223,58358,65431,68881,60786,67009,67140,66603,67666,61626,51492,67915,69542,71334,69888,80175,66945,55271,75518,77353,76587,79475,85291,74657,56063,77796,80452,81534,83049,89017,77918,62881,81353,85366,86558,87758,95907,84010,70414,62674,79444,87192,85323,94367,82108,67671,90262,92437,86439,95802,77961,57939,85834,90402,91901,100041,86761,69598,91836,94329,93973,97071,99687,88265,70788,90355,90632,92329,94602,98067,81233,68487,90340,89075,92282,94770,93101,67859,61706,85448,88295
Volusia,143489,339700,106123,89343,17068466,130540,132984,64882,122116,82504,60480,118990,119585,122776,123934,93198,67494,121660,123375,124884,122053,135613,121157,133428,135450,136586,126549,109832,98461,137426,139932,142830,139348,163222,134811,120598,151367,153976,154192,162639,178466,155120,124438,160304,162079,163576,167752,181979,152658,142269,160817,165532,168885,176344,201320,180985,153283,133631,169698,183195,174741,193300,174895,152304,81599,177943,172223,194114,148379,133301,172672,81033,181650,212240,184958,162312,186493,186662,192492,89950,207629,192353,171813,188821,182827,188643,194163,210453,181621,162264,180978,187860,185389,201645,189050,58518,151995,181742,158697
Broward,495004,1132417,351257,278898,72378812,466482,464936,460035,474892,329798,256161,444565,455696,445539,461504,343210,267864,459247,465889,479975,476323,510251,482147,489792,503201,488281,509721,384239,300033,511638,521059,533703,506529,575103,462156,380209,550589,562237,560099,566035,594531,491075,362708,544618,563248,569386,561253,543848,473296,394918,558906,592061,595642,613343,657827,535843,356328,378144,550172,588484,629332,656605,564393,458509,597976,593787,634081,731354,616835,523952,695872,714389,725978,777805,672582,554138,698883,731521,726578,715941,777403,678943,582165,725109,733571,743237,735204,785259,673086,562490,715555,734498,736393,764052,712455,522985,494879,697840,709431
Miami-Dade,346452,761012,231656,179611,53233445,333127,333001,325086,333373,229913,178873,320287,324541,325269,316318,228395,173248,315930,323533,332059,328846,348939,342906,355016,363852,363879,379143,279875,206207,370688,381192,386795,377730,418700,325822,261906,398049,405584,410602,416612,443218,352481,247216,401786,422410,425755,416450,406327,304367,240815,396973,420010,441199,452306,542766,449689,280832,283227,467897,555153,590167,618791,482918,364185,573680,407779,404732,493068,401265,331403,486162,507973,523106,665323,550773,439711,606175,636222,542450,619627,659863,566025,453950,618335,644232,651513,655354,679628,491195,451252,621795,639073,634538,649289,561908,366931,365232,509467,606777
Indian River,22852,58108,18891,14862,2735440,21978,22925,23083,21751,15260,11021,19596,19701,20450,21953,16530,12085,20285,20646,22214,20937,23507,21478,22272,22545,22219,22943,18732,14410,23246,23336,23194,23274,27632,21552,17869,25210,25401,25467,25995,28555,24474,17568,26315,25823,26156,26780,28596,23120,19188,26133,26195,26963,27625,31504,25644,19422,18251,26974,27779,28868,31589,26072,20616,26552,26433,27529,30447,24514,20126,28033,28121,29671,32513,26349,21769,29164,29549,29027,28362,30925,26457,21568,28203,27966,28263,28776,31756,26042,21031,27910,27692,28050,30005,29857,20869,19873,6368,5776
Martin,119935,280817,88487,69674,14748025,109657,113821,115396,105134,70068,52827,100340,102518,103984,106183,77248,55135,102484,104400,107513,103740,111458,103258,109163,112625,114210,117235,87788,42744,75871,76315,105562,115399,134889,110018,89881,129067,130468,131753,126012,121375,103641,72643,108395,85252,86543,88064,86908,70957,68520,82915,83975,88326,91892,104533,84317,60982,59690,87274,95420,94398,102556,96519,73119,87927,78993,87253,95682,78057,67935,92401,93708,96453,108586,89407,76841,95562,96681,104885,105532,113143,94837,85485,106049,104534,106087,109944,115877,87633,76462,96521,96404,98637,104016,94519,66636,73329,93911,90242
Monroe,52623,115378,35397,29343,7083663,47285,47043,47679,46231,33231,26128,43579,43595,45011,21540,15177,10278,20884,38340,47668,47713,51229,44279,48637,49193,50238,53575,39179,28599,50195,51556,52156,53236,57181,42290,24941,38890,47217,53779,56768,59795,46079,31836,53371,56610,55237,49149,59385,47193,38177,56768,58671,59175,60836,65589,48676,35870,42128,60378,60867,62445,66468,51557,43222,71153,69447,71556,81049,79574,73456,76787,76820,78068,89702,91534,82217,81360,77823,79467,83003,92299,91589,82660,83917,81800,83726,88113,96482,92306,83934,84660,82687,86880,93197,91758,71474,73931,82239,77535
Osceola,53261,107634,35434,29510,6897055,42069,44636,44974,44931,36691,27092,40926,42853,44214,44597,40429,30098,42831,42533,45798,7126,49110,44554,46417,47777,48223,43660,46864,40296,50631,50721,50730,49017,58998,53779,46813,56042,55001,55121,56481,61755,60964,47544,56495,57610,58177,59091,62571,58729,52975,57351,60972,62807,61578,67528,67059,57414,49524,62192,62017,61700,68978,66711,58748,61657,63762,59121,70252,60795,55461,64695,65293,64836,74469,70599,61730,67181,68212,69059,68643,73782,73240,63679,67259,67836,68850,70110,75565,70593,62068,68280,67681,68647,72278,75584,63372,60028,67350,49517
Palm Beach,551676,1255073,387554,304216,69566162,494897,517230,526698,511822,331615,250331,469476,484349,490649,497110,352839,260690,493525,472571,443741,478652,541928,516011,518212,529501,465290,559189,356072,298400,544470,550624,560540,541805,618991,467139,384274,538432,517981,566214,596824,653313,533468,388602,606378,620020,628641,637875,637799,510515,445138,601556,627041,647448,650517,729314,587272,406868,414443,648224,685394,701651,735891,636641,463884,649245,622230,645837,725549,577273,478273,691588,680028,717144,781461,631526,514264,699951,592913,620206,639050,691974,588057,502827,657895,661951,722499,733817,777201,614113,516741,703184,644371,722408,746341,683554,473495,480509,672670,690993
St. Lucie,54314,129638,39864,33883,6806559,48901,49875,51583,47443,31054,24792,44202,45217,45555,46947,33652,26207,46134,45481,47352,46366,50762,47178,49262,49996,51037,52780,40472,33921,52595,52730,53153,52901,63190,48774,43070,56085,55290,56985,59695,67920,56838,45343,60915,58970,59416,61884,64409,51537,50639,59157,58274,61371,65349,77851,62058,48424,49443,62515,73058,66545,75308,81602,56665,60476,55555,63005,70692,58351,53367,65322,64114,68222,80794,66574,61885,69623,68447,69539,70443,79876,66210,64918,71116,67606,37336,41785,81776,66761,61346,68557,66648,69227,77059,72195,50661,62022,67990,64337
Florida's Turnpike,446063,939119,278480,218471,66833590,396150,398490,399159,370299,239009,180982,368443,372907,380804,373122,252999,196598,370564,375961,383130,380829,409750,360134,384877,373798,406463,416591,304418,238405,403133,409130,425091,376897,491329,354507,297842,432435,434275,471332,494426,540151,429894,336817,473098,484647,481943,482671,491935,388311,335937,462967,479588,435746,492898,619498,474684,331939,369369,528495,547165,561541,617286,509988,420789,553281,517774,507490,604716,469246,409608,555771,570098,599878,696553,559899,485375,601505,573334,474242,554383,556708,526409,469915,517434,513812,521161,541355,595145,474337,413342,513481,512445,529856,578366,528675,352208,410267,500429,453801
