COUNTY,SITE,BEGDATE,DIR,HR1,HR2,HR3,HR4,HR5,HR6,HR7,HR8,HR9,HR10,HR11,HR12,HR13,HR14,HR15,HR16,HR17,HR18,HR19,HR20,HR21,HR22,HR23,HR24,TOTVOL,PEAKHR,PEAKVOL,TYPE,TRUCKS
93,0010,06/21/2020,N,135,65,58,36,22,32,69,174,218,334,480,572,641,658,600,629,581,585,588,441,411,299,171,190,7989,14,658,,
93,0010,06/21/2020,S,144,76,56,38,18,33,118,150,308,344,506,566,607,589,592,572,578,537,500,454,412,273,174,100,7745,13,607,,
87,0031,06/21/2020,E,890,641,483,301,222,332,684,768,856,1139,1394,1747,2036,1984,2044,2017,2105,2040,2063,1683,1557,1350,1114,854,30304,17,2105,,
87,0031,06/21/2020,W,1420,1113,892,625,401,327,373,541,613,861,1229,1461,1746,1960,1876,1948,1981,1986,2095,2086,2090,1656,1370,1187,31837,19,2095,,
29,0037,06/21/2020,E,30,19,18,11,13,28,57,65,102,135,169,211,228,193,148,169,172,166,151,145,76,88,48,30,2472,13,228,,
29,0037,06/21/2020,W,45,40,16,15,9,26,44,46,82,103,134,167,218,206,236,213,201,175,191,182,154,102,66,33,2704,15,236,,
75,0038,06/21/2020,E,138,84,50,45,85,103,226,431,603,803,997,1050,1199,1119,1027,968,1015,890,863,727,636,528,364,188,14139,13,1199,,
75,0038,06/21/2020,W,184,114,75,56,56,98,184,318,479,616,832,976,1167,1207,1122,1049,1013,942,893,755,713,571,385,232,14037,14,1207,,
07,0039,06/21/2020,E,59,44,34,27,34,41,90,169,237,365,474,488,566,575,549,474,522,475,380,323,249,187,113,73,6548,14,575,,
07,0039,06/21/2020,W,82,45,27,22,24,55,74,138,240,375,459,530,516,511,594,501,417,415,325,348,276,183,136,74,6367,15,594,,
26,0043,06/21/2020,N,25,15,13,13,7,21,29,53,68,97,164,153,192,196,189,179,177,180,163,166,111,89,70,36,2406,14,196,,
26,0043,06/21/2020,S,19,14,8,11,15,26,68,73,95,122,166,192,199,195,166,188,159,188,146,120,133,77,48,30,2458,13,199,,
02,0044,06/21/2020,N,73,43,29,25,36,96,179,339,499,709,881,875,886,821,733,626,574,553,477,368,272,222,141,81,9538,13,886,,
02,0044,06/21/2020,S,34,21,12,17,22,26,46,69,162,257,414,514,517,511,497,534,539,494,416,309,243,156,108,50,5968,17,539,,
74,0047,06/21/2020,N,73,44,42,13,13,41,37,76,130,194,288,298,376,356,355,373,324,348,309,270,207,161,110,69,4507,13,376,,
74,0047,06/21/2020,S,55,38,38,39,33,38,63,93,141,214,332,361,413,432,438,380,348,317,272,256,196,122,78,49,4746,15,438,,
48,0048,06/21/2020,E,23,24,16,12,9,27,44,82,128,165,182,201,210,198,207,227,224,238,191,153,130,82,31,26,2830,18,238,,
48,0048,06/21/2020,W,23,30,8,14,11,13,48,65,93,149,178,220,263,245,242,200,167,184,152,122,106,75,45,17,2670,13,263,,
53,0050,06/21/2020,N,111,64,51,32,44,85,128,246,396,633,829,920,841,693,608,600,527,483,383,310,242,212,138,132,8708,12,920,,
53,0050,06/21/2020,S,92,66,103,101,67,85,195,226,390,527,601,755,864,917,796,695,569,557,439,307,270,226,131,95,9074,14,917,,
60,0051,06/21/2020,N,26,9,12,6,13,30,37,69,140,220,332,335,281,219,208,188,215,163,151,123,85,55,42,24,2983,12,335,,
60,0051,06/21/2020,S,19,6,11,11,33,19,30,62,100,151,169,190,238,241,223,294,248,195,133,89,76,39,35,27,2639,16,294,,
50,0054,06/21/2020,N,35,16,14,11,13,16,37,75,85,144,147,190,213,187,215,210,196,208,202,149,135,97,63,34,2692,15,215,,
50,0054,06/21/2020,S,29,7,14,10,16,30,65,61,95,138,167,232,212,235,252,208,205,227,237,150,158,119,67,35,2969,15,252,,
49,0060,06/21/2020,E,29,18,4,4,14,15,27,50,125,176,258,226,179,216,246,252,319,323,266,198,124,84,61,21,3235,18,323,,
49,0060,06/21/2020,W,19,9,5,2,4,42,67,89,124,181,231,276,232,248,240,205,183,131,105,59,41,41,20,15,2569,12,276,,
72,0062,06/21/2020,E,182,90,73,47,58,96,269,363,579,891,1113,1238,1369,1338,1254,1143,1126,1158,1059,916,688,442,289,139,15920,13,1369,,
72,0062,06/21/2020,W,264,168,103,44,51,67,147,358,475,727,893,1081,1191,1074,1185,1157,1151,1121,1082,1097,973,723,380,223,15735,13,1191,,
92,0065,06/21/2020,E,70,35,25,28,26,72,107,224,326,419,536,588,558,549,465,421,424,346,493,532,384,263,114,71,7076,12,588,,
92,0065,06/21/2020,W,76,40,34,28,28,41,79,100,150,223,308,358,400,467,463,488,539,533,563,582,341,284,185,84,6394,20,582,,
15,0066,06/21/2020,N,118,75,42,25,19,33,70,150,299,467,571,639,694,655,748,729,718,729,708,644,687,561,277,133,9791,15,748,,
15,0066,06/21/2020,S,108,48,29,21,17,50,82,178,312,463,589,688,763,706,713,715,663,653,629,604,424,333,176,90,9054,13,763,,
04,0068,06/21/2020,E,24,17,10,10,10,16,22,31,44,85,121,135,115,137,166,119,114,119,131,85,98,62,41,22,1734,15,166,,
04,0068,06/21/2020,W,12,5,7,5,8,16,35,38,59,77,125,107,189,147,134,141,129,109,134,98,53,49,32,19,1728,13,189,,
28,0073,06/21/2020,N,32,44,22,9,8,18,32,52,63,155,182,221,210,199,180,153,186,213,158,113,90,81,47,26,2494,12,221,,
28,0073,06/21/2020,S,24,13,14,11,21,23,59,64,99,111,181,192,211,190,170,189,166,180,130,130,127,82,46,30,2463,13,211,,
14,0079,06/21/2020,N,118,55,56,47,49,54,110,173,271,395,438,454,467,477,522,419,450,441,347,354,268,236,128,95,6424,15,522,,
14,0079,06/21/2020,S,98,83,86,51,53,67,111,167,240,352,421,513,557,490,490,510,465,468,402,346,311,217,175,114,6787,13,557,,
10,0080,06/21/2020,E,67,53,32,40,23,25,57,96,156,206,261,330,361,352,353,356,347,312,363,272,236,181,128,65,4672,19,363,,
10,0080,06/21/2020,W,48,46,25,28,70,85,116,156,180,288,369,363,412,410,380,367,352,332,345,282,234,197,108,52,5245,13,412,,
15,0086,06/21/2020,E,220,147,86,49,55,66,132,192,292,453,562,726,784,852,830,817,823,758,747,652,587,497,262,143,10732,14,852,,
15,0086,06/21/2020,W,176,119,71,49,40,83,157,239,419,603,717,829,931,911,822,813,743,605,622,492,590,511,225,151,10918,13,931,,
93,0087,06/21/2020,E,33,15,12,5,11,46,112,137,205,262,307,343,320,346,356,349,326,313,294,220,127,92,45,20,4296,15,356,,
93,0087,06/21/2020,W,119,35,20,8,6,20,45,131,131,192,293,320,395,373,428,502,378,365,368,333,314,248,178,108,5310,16,502,,
03,0094,06/21/2020,E,159,97,66,40,25,62,144,265,376,592,743,926,943,1030,1067,1111,932,940,781,693,709,545,361,182,12789,16,1111,,
03,0094,06/21/2020,W,93,65,50,34,44,145,280,368,593,819,918,1043,1140,1088,1089,983,959,822,747,629,443,360,256,121,13089,13,1140,,
87,0096,06/21/2020,N,259,169,108,98,70,114,190,247,234,263,388,459,493,618,544,557,482,519,559,439,469,412,375,306,8372,14,618,,
87,0096,06/21/2020,S,202,145,97,71,57,77,151,224,227,283,380,390,409,656,801,520,435,464,483,446,405,333,319,293,7868,15,801,,
93,0101,06/21/2020,E,260,168,123,92,97,199,390,588,922,1282,1754,2145,2124,2191,2167,2101,1930,1712,1611,1232,984,755,495,286,25608,14,2191,,
93,0101,06/21/2020,W,351,191,140,91,90,127,324,538,851,1328,1761,2022,2319,2440,2309,2140,2051,1767,1591,1273,930,811,517,322,26284,14,2440,,
77,0102,06/21/2020,N,176,92,70,66,42,68,116,238,464,661,850,944,1092,1103,1049,986,958,908,816,659,615,413,266,196,12848,14,1103,,
77,0102,06/21/2020,S,173,135,86,66,55,104,163,302,501,690,890,1048,1114,1093,1026,923,886,901,774,675,555,394,318,169,13041,13,1114,,
75,0104,06/21/2020,E,149,87,59,51,51,155,223,365,516,814,948,1188,1203,1203,1034,974,855,806,713,642,492,404,276,183,13391,13,1203,,
75,0104,06/21/2020,W,130,94,75,41,44,73,108,197,339,493,665,804,823,925,922,956,1111,1131,1049,1041,959,753,407,272,13412,18,1131,,
76,0105,06/21/2020,N,85,61,20,42,48,101,143,235,353,545,652,659,647,622,591,494,528,543,453,422,363,250,142,75,8074,12,659,,
76,0105,06/21/2020,S,148,104,84,54,20,41,93,124,219,357,443,553,679,641,649,587,563,517,492,431,362,274,129,91,7655,13,679,,
87,0108,06/21/2020,E,894,652,456,363,325,476,1067,1035,1113,1441,1656,1880,2065,2032,2239,2104,2099,1916,2059,1684,1468,1365,1321,807,32517,15,2239,,
87,0108,06/21/2020,W,1236,741,518,373,272,302,509,859,919,1181,1540,1881,2077,2287,2055,2216,1988,2053,2290,2245,1948,1431,1271,1139,33331,19,2290,,
32,0112,06/21/2020,N,330,236,204,171,176,209,392,638,1031,1436,1742,2134,2231,2241,2146,1942,1816,1448,1276,1071,843,618,540,393,25264,14,2241,,
32,0112,06/21/2020,S,317,253,207,222,240,255,344,461,753,1078,1552,1741,1844,2039,1739,1887,1886,1655,1325,1197,1150,734,541,472,23892,14,2039,,
70,0113,06/21/2020,E,172,102,88,69,63,103,188,347,600,771,1090,1330,1416,1432,1282,1216,1140,1043,813,641,532,426,263,151,15278,14,1432,,
70,0113,06/21/2020,W,224,134,133,78,58,82,208,356,433,761,929,1205,1380,1444,1405,1442,1337,1367,1161,1009,965,654,439,220,17424,14,1444,,
70,0114,06/21/2020,N,39,34,22,14,22,50,122,143,206,299,403,480,483,534,540,488,508,421,395,233,215,154,86,53,5944,15,540,,
70,0114,06/21/2020,S,35,34,34,21,18,51,86,140,196,249,307,434,487,529,533,455,454,369,271,258,175,139,86,44,5405,15,533,,
34,0116,06/21/2020,N,52,41,29,21,9,36,55,97,161,278,408,468,491,529,500,438,398,349,320,251,206,152,95,59,5443,14,529,,
34,0116,06/21/2020,S,48,39,22,20,24,29,67,141,240,371,530,558,654,595,523,508,489,404,352,297,212,159,98,64,6444,13,654,,
53,0117,06/21/2020,E,63,31,27,20,29,39,84,168,202,298,352,402,514,435,411,383,343,346,311,277,239,158,112,65,5309,13,514,,
53,0117,06/21/2020,W,42,24,16,11,27,29,100,153,258,358,436,447,447,414,412,421,406,364,310,275,275,161,108,67,5561,12,447,,
36,0118,06/21/2020,N,168,114,86,74,95,184,241,359,543,741,856,1037,1064,1062,1095,944,953,857,781,636,572,439,261,218,13380,15,1095,,
36,0118,06/21/2020,S,166,117,92,80,79,122,183,289,413,697,817,962,1056,1184,1032,982,1060,961,813,717,523,412,295,191,13243,14,1184,,
57,0122,06/21/2020,E,68,43,38,26,26,50,112,162,297,305,403,396,491,436,445,397,406,399,386,306,242,173,93,48,5748,13,491,,
57,0122,06/21/2020,W,61,41,18,22,23,45,86,140,222,360,457,483,506,514,452,387,375,362,337,311,254,151,105,63,5775,14,514,,
75,0130,06/21/2020,E,1527,912,676,506,499,658,1081,1577,2136,3041,4266,4608,4598,4519,4407,4097,4029,3996,3780,3282,3307,2832,2320,1683,64337,12,4608,,
75,0130,06/21/2020,W,1492,937,850,588,410,565,1087,1576,1903,2550,3289,3759,4002,4481,4558,4492,4397,4406,4471,3697,3012,2639,2142,1539,62842,15,4558,,
74,0132,06/21/2020,N,382,350,315,237,270,407,625,965,1309,1817,2289,2550,2702,2569,2512,2377,2145,1953,1687,1365,1090,892,634,521,31963,13,2702,,
74,0132,06/21/2020,S,376,302,262,231,279,400,470,682,952,1471,1784,1873,2357,2301,2504,2424,1934,1994,1781,1382,1137,935,656,481,28968,15,2504,,
79,0133,06/21/2020,N,260,146,138,118,128,235,380,592,862,1165,1418,1660,1597,1586,1525,1494,1412,1322,1153,908,755,566,458,277,20155,12,1660,,
79,0133,06/21/2020,S,246,152,146,146,146,164,250,457,618,895,1228,1439,1608,1848,1712,1812,1741,1461,1403,1251,808,669,611,414,21225,14,1848,,
70,0134,06/21/2020,N,272,190,131,115,135,217,407,616,818,1056,1405,1639,1757,1747,1674,1635,1654,1552,1337,1327,1088,847,566,383,22568,13,1757,,
70,0134,06/21/2020,S,286,179,143,107,156,187,301,419,682,932,1400,1586,1806,1825,2017,1953,1931,1854,1734,1702,1837,1060,690,455,25242,15,2017,,
87,0137,06/21/2020,E,1162,763,561,419,388,584,968,1201,1504,2032,2647,3019,3535,3578,3494,3119,2887,2843,2964,2747,2653,2508,2089,1274,48939,14,3578,,
87,0137,06/21/2020,W,1283,890,625,467,428,626,1027,1062,1291,1855,2402,2939,3364,3851,3839,3358,3038,3147,3370,3193,2919,2811,2016,1386,51187,14,3851,,
88,0139,06/21/2020,E,46,27,14,25,22,40,39,71,93,161,207,349,284,299,310,260,289,274,174,178,179,180,106,55,3682,12,349,,
88,0139,06/21/2020,W,29,15,15,9,21,24,41,83,135,161,235,280,215,284,276,243,282,291,198,207,153,102,66,46,3411,18,291,,
93,0140,06/21/2020,E,24,25,4,12,16,32,37,42,65,98,157,158,223,251,212,231,256,190,188,176,138,91,44,39,2709,17,256,,
93,0140,06/21/2020,W,20,9,10,13,16,24,53,82,128,177,177,189,173,161,145,149,129,155,93,95,80,56,40,17,2191,12,189,,
03,0143,06/21/2020,N,87,42,48,18,42,61,88,149,195,308,384,453,503,435,368,369,362,315,26,1,4,1,94,83,4436,13,503,,
03,0143,06/21/2020,S,78,55,43,25,41,61,74,126,199,287,343,328,387,445,477,480,500,434,371,353,289,250,147,90,5883,17,500,,
94,0144,06/21/2020,E,5,11,4,4,6,10,23,29,35,42,61,77,68,88,70,57,68,66,59,39,36,19,14,7,898,14,88,,
94,0144,06/21/2020,W,14,8,10,4,4,11,26,39,64,54,68,63,78,77,64,56,45,70,42,34,24,20,11,12,898,13,78,,
04,0145,06/21/2020,N,48,17,16,30,16,38,72,81,145,200,276,262,265,275,249,259,255,238,209,194,152,101,59,64,3521,11,276,,
04,0145,06/21/2020,S,34,28,30,23,27,35,56,91,129,169,224,225,299,299,276,220,256,223,206,172,151,124,62,44,3403,13,299,,
13,0146,06/21/2020,E,42,13,12,6,6,15,33,49,88,113,141,179,206,208,205,196,179,182,143,136,135,92,61,32,2472,14,208,,
13,0146,06/21/2020,W,30,10,12,5,6,29,50,82,101,174,186,200,175,190,166,176,191,160,162,132,74,60,38,19,2428,12,200,,
33,0149,06/21/2020,N,12,11,9,12,8,15,35,42,82,110,131,206,189,169,106,175,150,136,108,116,67,56,21,14,1980,12,206,,
33,0149,06/21/2020,S,15,11,15,6,9,10,22,32,58,86,130,132,141,122,143,146,123,128,105,86,92,57,31,18,1718,16,146,,
55,0151,06/21/2020,E,160,88,89,86,58,53,102,105,163,290,479,619,675,738,790,695,657,542,507,434,386,314,225,155,8410,15,790,,
55,0151,06/21/2020,W,122,87,49,58,36,34,53,123,144,232,366,369,534,526,566,627,602,544,532,408,361,315,271,168,7127,16,627,,
75,0154,06/21/2020,N,352,196,138,110,128,251,355,432,463,674,963,1112,1187,1219,1308,1374,1324,1243,1314,1122,1143,977,732,519,18636,16,1374,,
75,0154,06/21/2020,S,257,170,171,138,245,382,438,495,586,778,983,1252,1278,1307,1479,1297,1273,1262,1077,1009,845,770,486,374,18352,15,1479,,
48,0156,06/21/2020,E,318,269,159,148,175,275,414,626,1013,1379,1601,1738,1696,1790,1820,1377,2187,1568,1311,1056,840,632,478,334,23204,17,2187,,
48,0156,06/21/2020,W,279,195,137,133,141,259,420,695,1011,1350,2043,2094,2098,1768,1702,1751,1594,1459,1349,1193,939,709,427,281,24027,13,2098,,
72,0161,06/21/2020,E,256,152,149,76,45,82,171,315,443,587,677,825,932,966,873,870,826,770,792,764,603,527,393,248,12342,14,966,,
72,0161,06/21/2020,W,220,131,121,72,65,98,246,370,456,552,742,760,820,899,776,716,794,674,725,625,530,464,300,205,11361,14,899,,
10,0162,06/21/2020,E,365,279,201,169,111,146,231,314,413,456,698,921,1011,907,1019,1042,919,844,798,686,429,427,284,201,12871,16,1042,,
10,0162,06/21/2020,W,212,176,137,96,86,121,171,167,238,321,449,511,576,608,543,555,499,496,522,524,415,356,225,173,8177,14,608,,
90,0164,06/21/2020,N,287,176,111,65,78,101,192,345,554,836,1229,1395,1478,1509,1418,1542,1531,1659,1621,1645,1484,1262,789,453,21760,18,1659,,
90,0164,06/21/2020,S,87,66,64,52,75,248,424,707,854,980,1153,1269,1383,1281,1365,1218,1069,721,621,399,362,286,218,106,15008,13,1383,,
90,0165,06/21/2020,N,310,187,124,110,92,127,240,347,576,850,1114,1271,1278,1258,1144,1164,1106,1088,1041,820,793,644,467,337,16488,13,1278,,
90,0165,06/21/2020,S,196,127,70,64,58,133,262,398,640,787,985,1103,1119,1011,995,912,966,1070,943,752,712,504,352,206,14365,13,1119,,
46,0166,06/21/2020,E,130,67,50,28,41,56,145,263,371,495,576,539,585,552,567,550,520,548,529,475,400,318,222,97,8124,13,585,,
46,0166,06/21/2020,W,200,135,88,40,46,77,233,349,481,621,597,543,533,559,579,535,556,560,505,502,462,449,421,193,9264,10,621,,
57,0167,06/21/2020,E,168,108,86,69,130,246,314,460,754,1056,1086,1206,1269,1293,1189,1146,1109,1066,834,662,559,439,309,163,15721,14,1293,,
57,0167,06/21/2020,W,252,178,126,85,105,200,273,444,601,851,1191,1242,1287,1208,1264,1175,1109,1125,1180,1042,745,538,366,236,16823,13,1287,,
79,0170,06/21/2020,E,52,26,31,23,21,29,52,137,173,235,306,376,446,415,371,359,359,296,290,292,195,158,91,47,4780,13,446,,
79,0170,06/21/2020,W,31,26,17,30,41,50,114,179,228,308,356,407,371,336,326,333,332,291,272,229,175,114,76,47,4689,12,407,,
72,0171,06/21/2020,N,878,596,425,322,329,590,1208,1493,1895,2639,3322,3549,3723,3636,3633,3400,3236,3057,3055,2436,1889,1261,1005,555,48132,13,3723,,
72,0171,06/21/2020,S,918,728,656,377,319,503,822,1154,1349,1809,2524,3133,3932,3560,3949,3572,3131,3218,2783,2575,2213,1751,1479,955,47410,15,3949,,
72,0172,06/21/2020,N,222,137,117,58,54,93,163,264,375,508,684,765,807,805,822,795,805,716,703,617,536,435,301,196,10978,15,822,,
72,0172,06/21/2020,S,291,224,202,89,60,67,128,246,308,498,705,843,915,935,951,886,789,847,803,725,604,587,378,304,12385,15,951,,
47,0173,06/21/2020,E,42,32,24,17,25,49,78,136,236,337,389,441,423,422,386,399,411,343,333,327,215,162,110,38,5375,12,441,,
47,0173,06/21/2020,W,27,18,15,15,35,41,95,151,206,327,399,406,349,332,306,315,317,289,240,209,157,98,68,31,4446,12,406,,
93,0174,06/21/2020,N,1140,783,588,471,490,807,1485,1983,2594,3204,4161,5065,5247,5039,4951,4771,4546,3832,3585,3339,2914,2521,1725,1121,66362,13,5247,,
93,0174,06/21/2020,S,1262,754,503,375,431,678,1121,1567,1919,2614,3439,4324,4700,5106,5225,5550,5463,5277,5038,4296,3881,3404,2379,1488,70794,16,5550,,
75,0175,06/21/2020,N,175,86,71,60,63,101,259,274,364,555,633,796,794,769,800,703,676,698,694,577,517,371,303,169,10508,15,800,,
75,0175,06/21/2020,S,204,118,110,81,63,98,184,300,301,463,614,729,874,843,838,814,765,741,662,684,571,452,305,194,11008,13,874,,
86,0176,06/21/2020,N,314,246,178,133,88,105,141,242,326,489,554,710,817,834,815,777,823,783,725,666,578,515,384,324,11567,14,834,,
86,0176,06/21/2020,S,310,239,206,162,162,136,174,247,305,474,561,652,707,749,751,727,659,682,663,657,615,468,410,307,11023,15,751,,
11,0177,06/21/2020,E,114,81,70,43,66,98,166,309,414,647,834,1028,1082,996,962,833,875,809,706,580,463,428,354,221,12179,13,1082,,
11,0177,06/21/2020,W,128,82,58,51,57,99,191,228,410,616,731,777,935,900,1050,902,837,818,858,622,489,409,250,166,11664,15,1050,,
87,0178,06/21/2020,N,463,264,152,115,97,215,466,538,656,874,1159,1260,1532,1506,1530,1581,1459,1465,1528,1402,1212,1118,805,434,21831,16,1581,,
87,0178,06/21/2020,S,657,427,316,193,144,191,368,568,686,922,1194,1480,1737,1787,1661,1556,1437,1386,1392,1219,1081,964,727,569,22662,14,1787,,
17,0181,06/21/2020,N,62,35,28,14,35,75,171,266,402,617,748,893,867,866,897,765,774,714,666,481,392,237,149,66,10220,15,897,,
17,0181,06/21/2020,S,89,57,51,22,17,39,94,221,356,504,670,782,903,894,937,832,793,740,676,538,439,388,190,100,10332,15,937,,
74,0182,06/21/2020,E,83,49,46,22,29,81,135,211,337,413,547,651,755,702,634,604,533,500,439,325,251,194,133,74,7748,13,755,,
74,0182,06/21/2020,W,150,84,94,41,56,106,121,187,258,439,863,926,737,914,813,934,959,796,710,665,511,335,233,137,11069,17,959,,
15,0183,06/21/2020,N,333,201,136,144,175,280,411,530,808,1118,1492,1924,1986,1987,1945,1979,1891,1840,1721,1540,1240,995,651,381,25708,14,1987,,
15,0183,06/21/2020,S,275,174,128,97,135,253,570,701,1158,1371,1807,2038,2055,2025,2079,1878,1798,1717,1448,1339,932,869,569,394,25810,15,2079,,
12,0184,06/21/2020,N,436,245,205,149,189,294,587,777,1217,1572,1974,2251,2483,2680,2714,2678,2453,2199,2095,1813,1607,1261,933,549,33361,15,2714,,
12,0184,06/21/2020,S,430,236,198,192,244,494,631,880,1296,1773,2273,2720,3094,2912,2837,2734,2673,2504,2203,1922,1564,1328,868,480,36486,13,3094,,
26,0185,06/21/2020,N,262,170,130,87,79,117,178,251,339,478,615,680,773,722,795,729,698,643,620,587,508,405,279,209,10354,15,795,,
26,0185,06/21/2020,S,133,108,136,229,165,114,195,180,289,366,481,540,657,708,661,653,640,593,616,605,493,381,314,191,9448,14,708,,
87,0187,06/21/2020,E,743,516,331,213,210,338,657,719,969,1260,1790,2216,2624,2764,2623,2430,2368,2437,2554,2191,2023,1901,1427,818,36122,14,2764,,
87,0187,06/21/2020,W,1045,669,479,375,259,307,405,697,895,1410,2033,2754,3263,3587,3591,3181,2598,2483,2408,2329,2036,1701,1475,844,40824,15,3591,,
87,0188,06/21/2020,E,81,62,31,25,20,69,246,128,199,240,374,483,556,483,554,517,456,454,529,342,327,269,185,88,6718,13,556,,
87,0188,06/21/2020,W,232,155,118,70,40,55,132,312,274,369,569,652,802,845,868,799,826,817,856,843,551,558,377,229,11349,15,868,,
71,0189,06/21/2020,N,104,88,39,50,58,128,237,367,557,853,1103,1154,1298,1122,1018,986,1016,1058,899,735,548,406,225,137,14186,13,1298,,
71,0189,06/21/2020,S,143,121,54,50,39,86,200,395,517,716,886,1022,1185,1239,1184,1092,995,1009,862,771,628,436,271,160,14061,14,1239,,
14,0190,06/21/2020,N,571,373,304,285,403,578,1031,1566,1970,2488,3122,3393,3527,3420,3211,3021,2951,2806,2558,2220,1715,1416,1055,648,44632,13,3527,,
14,0190,06/21/2020,S,568,380,313,247,260,379,654,778,1219,1823,2396,3109,3259,3379,3400,3447,3296,3313,2986,2684,1934,1874,2022,1067,44787,16,3447,,
03,0191,06/21/2020,N,335,203,149,115,163,273,458,677,974,1357,1753,2019,2197,2205,2133,2041,1825,1815,1616,1422,1219,1037,753,418,27157,14,2205,,
03,0191,06/21/2020,S,338,179,156,118,130,272,482,719,1077,1419,1788,2122,2316,2388,2456,2228,2432,2232,2090,1820,1407,1180,814,412,30575,15,2456,,
46,0192,06/21/2020,E,26,10,16,8,5,14,42,54,75,93,126,156,116,130,117,137,120,125,107,95,64,43,25,20,1724,12,156,,
46,0192,06/21/2020,W,9,10,6,10,7,25,18,45,53,88,88,132,127,129,125,125,107,90,66,43,68,26,26,11,1434,12,132,,
87,0193,06/21/2020,E,128,77,46,32,25,79,189,205,236,397,527,648,661,718,613,545,554,546,587,453,382,358,289,130,8425,14,718,,
87,0193,06/21/2020,W,219,132,81,69,35,53,89,197,226,293,416,496,654,691,634,680,580,592,617,577,425,363,237,176,8532,14,691,,
94,0195,06/21/2020,E,36,21,36,23,7,20,54,53,90,113,145,194,195,192,222,207,183,126,153,114,95,64,39,16,2398,15,222,,
94,0195,06/21/2020,W,31,22,13,3,12,21,52,72,76,103,152,183,202,168,181,139,195,180,165,118,105,55,43,23,2314,13,202,,
77,0197,06/21/2020,E,176,92,54,42,35,79,202,293,443,566,732,871,941,1031,987,909,857,876,860,700,609,435,316,185,12291,14,1031,,
77,0197,06/21/2020,W,138,84,46,28,52,99,182,288,348,539,690,872,912,949,923,812,765,783,681,644,554,372,231,157,11149,14,949,,
93,0198,06/21/2020,N,1622,1056,843,611,514,646,1218,1794,2329,2978,3729,4653,4928,4938,4920,4823,4498,4335,4213,3997,3583,3047,2030,1494,68799,14,4938,,
93,0198,06/21/2020,S,1403,854,652,539,513,833,1438,1816,2281,2983,3619,4400,4849,5008,5277,5230,5247,4832,4755,4179,4012,3466,2625,1496,72307,15,5277,,
14,0199,06/21/2020,N,404,321,232,166,118,172,312,540,768,1162,1511,1737,1914,1836,1704,1657,1661,1514,1479,1244,1017,916,658,413,23456,13,1914,,
14,0199,06/21/2020,S,339,233,188,111,145,251,365,533,835,1317,1540,1708,1905,1916,1698,1716,1612,1609,1439,1263,1141,909,616,334,23723,14,1916,,
32,0202,06/21/2020,N,9,1,3,0,2,5,10,18,14,19,37,44,51,41,39,45,41,34,32,25,35,26,14,11,556,13,51,,
32,0202,06/21/2020,S,6,7,2,0,8,5,18,9,19,34,46,41,38,48,45,53,40,33,34,27,20,15,15,5,568,16,53,,
12,0203,06/21/2020,E,248,162,125,93,100,179,266,402,492,824,1119,1108,1478,1491,1403,1331,1241,1190,1059,890,701,582,405,237,17126,14,1491,,
12,0203,06/21/2020,W,277,136,102,91,63,148,232,339,567,879,1114,1241,1447,1443,1367,1258,1177,1023,833,814,750,589,450,262,16602,13,1447,,
75,0204,06/21/2020,E,408,236,181,127,179,346,455,629,818,1197,1462,1679,1689,1861,1870,1926,1793,1808,1913,1621,1252,1049,733,638,25870,16,1926,,
75,0204,06/21/2020,W,250,149,168,164,268,493,655,766,956,1342,1582,1746,1794,1798,1746,1873,1655,1764,1552,1357,1169,871,562,403,25083,16,1873,,
55,0207,06/21/2020,N,13,7,10,7,8,1,9,20,56,61,88,109,140,154,127,132,159,124,116,105,74,50,20,18,1608,17,159,,
55,0207,06/21/2020,S,9,12,6,2,5,2,18,41,69,86,113,117,122,137,111,129,130,115,98,72,73,50,27,10,1554,14,137,,
55,0211,06/21/2020,E,40,37,20,5,11,26,19,59,77,137,178,210,167,176,180,158,157,153,187,133,131,101,67,46,2475,12,210,,
55,0211,06/21/2020,W,20,20,6,10,9,17,42,50,78,122,156,159,217,176,180,159,154,150,144,105,89,62,38,25,2188,13,217,,
86,0214,06/21/2020,E,379,269,156,162,147,246,397,454,640,820,1026,1196,1198,1335,1345,1293,1142,1092,1180,1008,858,733,563,364,18003,15,1345,,
86,0214,06/21/2020,W,489,321,251,183,119,128,181,320,496,596,803,984,1128,1259,1200,1206,1167,1143,1064,1006,1034,818,622,430,16948,14,1259,,
86,0215,06/21/2020,N,58,36,32,22,9,27,48,118,160,261,388,458,423,466,410,449,402,354,390,332,264,188,131,74,5500,14,466,,
86,0215,06/21/2020,S,58,37,36,20,24,19,84,149,219,302,424,486,486,541,503,487,500,484,514,458,437,253,134,82,6737,14,541,,
72,0216,06/21/2020,N,350,238,169,136,187,344,632,684,906,1213,1448,1817,1843,1975,1895,1863,1748,1723,1637,1224,1103,873,574,333,24915,14,1975,,
72,0216,06/21/2020,S,398,264,203,154,177,348,579,804,942,1346,1818,2267,2656,2502,2623,2555,2525,2745,2452,1939,1583,1123,955,513,33471,18,2745,,
93,0217,06/21/2020,N,539,317,233,201,266,439,784,1221,1663,2166,2627,2973,3210,3102,2905,2985,2868,2470,2282,2121,1797,1417,910,560,40056,13,3210,,
93,0217,06/21/2020,S,586,353,241,204,241,438,745,888,1203,1639,2241,2972,2992,3220,3120,3439,3364,3322,3254,2737,2543,2230,1505,839,44316,16,3439,,
53,0218,06/21/2020,E,145,126,88,110,125,146,281,394,569,799,1011,1089,1008,1070,954,924,888,735,778,577,455,371,268,178,13089,12,1089,,
53,0218,06/21/2020,W,94,76,74,85,74,118,168,266,445,582,747,843,861,945,859,910,767,680,540,438,339,280,238,171,10600,14,945,,
57,0219,06/21/2020,N,83,48,33,44,65,131,211,299,448,664,736,628,544,573,544,558,541,528,433,391,274,214,169,109,8268,11,736,,
57,0219,06/21/2020,S,17,7,9,17,13,16,27,31,62,76,118,136,141,155,140,135,100,94,71,61,59,28,27,15,1555,14,155,,
50,0220,06/21/2020,E,289,176,137,129,119,138,222,303,425,607,912,1137,1312,1331,1309,1268,1247,1299,1117,1032,945,688,532,428,17102,14,1331,,
50,0220,06/21/2020,W,149,116,101,88,102,102,185,322,477,643,848,1042,1052,1217,1166,1126,1083,922,825,648,514,441,347,265,13781,14,1217,,
97,0223,06/21/2020,N,44,16,13,14,12,26,41,75,94,161,199,273,211,210,205,187,169,153,157,115,113,78,56,49,2671,12,273,,
97,0223,06/21/2020,S,26,19,13,8,30,47,55,65,109,151,147,185,162,191,199,166,191,202,203,186,140,91,55,43,2684,19,203,,
17,0225,06/21/2020,N,453,275,212,209,247,457,788,1108,1515,2255,2991,3258,3510,3339,3200,3180,3211,2948,2621,2260,2000,1670,1070,642,43419,13,3510,,
17,0225,06/21/2020,S,573,282,261,186,198,357,670,1021,1488,2232,2719,3307,3642,3463,3440,3466,3373,3004,2717,2322,1851,1377,955,697,43601,13,3642,,
90,0227,06/21/2020,N,93,55,21,23,31,54,132,256,384,553,721,806,746,621,531,567,536,575,497,360,310,261,156,90,8379,12,806,,
90,0227,06/21/2020,S,60,31,23,20,23,42,88,156,249,378,487,591,595,583,504,540,537,463,406,337,254,149,79,65,6660,13,595,,
01,0228,06/21/2020,E,99,65,38,27,46,72,133,207,394,585,762,880,962,942,983,946,912,887,688,563,492,400,172,92,11347,15,983,,
01,0228,06/21/2020,W,85,48,38,22,34,112,205,337,499,678,762,948,981,972,930,836,747,705,577,502,367,253,159,82,10879,13,981,,
09,0229,06/21/2020,E,20,13,6,6,13,27,38,58,82,120,135,135,176,130,133,147,139,152,123,90,82,63,41,21,1950,13,176,,
09,0229,06/21/2020,W,27,19,10,7,9,17,24,32,64,108,141,168,153,156,153,162,159,137,144,124,88,49,40,28,2019,12,168,,
16,0230,06/21/2020,N,45,25,30,17,18,35,60,78,106,174,206,225,268,248,218,209,243,224,230,153,161,121,65,56,3215,13,268,,
16,0230,06/21/2020,S,39,38,26,14,23,24,62,73,145,171,203,234,260,229,214,224,199,238,198,189,169,108,82,49,3211,13,260,,
26,0231,06/21/2020,N,12,0,0,8,9,7,93,76,86,85,100,92,113,118,128,95,126,119,90,77,70,50,29,24,1607,15,128,,
26,0231,06/21/2020,S,19,0,0,0,5,8,18,44,50,112,144,190,131,144,111,141,117,109,95,72,70,50,31,13,1674,12,190,,
27,0232,06/21/2020,N,19,16,13,3,9,9,12,18,39,62,73,95,127,111,112,116,100,100,90,87,71,48,24,22,1376,13,127,,
27,0232,06/21/2020,S,19,10,12,9,8,16,17,37,49,82,92,104,121,109,97,101,97,115,90,70,65,31,26,13,1390,13,121,,
71,0233,06/21/2020,N,69,30,33,24,32,56,104,210,292,417,560,628,723,558,599,554,594,558,511,430,379,263,125,74,7823,13,723,,
71,0233,06/21/2020,S,84,53,38,34,19,61,83,178,260,390,528,583,657,643,611,616,569,601,502,440,385,286,164,89,7874,13,657,,
30,0234,06/21/2020,N,13,9,3,4,9,11,15,28,50,62,112,100,106,125,97,106,104,93,74,82,53,50,23,13,1342,14,125,,
30,0234,06/21/2020,S,10,13,9,4,2,12,24,30,43,70,87,104,113,100,91,88,97,68,66,63,43,53,18,5,1213,13,113,,
72,0235,06/21/2020,N,6,18,17,9,8,15,28,39,56,123,120,145,155,177,130,140,130,122,83,71,68,45,26,26,1757,14,177,,
72,0235,06/21/2020,S,19,15,25,9,6,14,27,54,63,98,125,160,194,127,158,148,153,174,122,80,64,40,36,14,1925,13,194,,
72,0236,06/21/2020,N,10,10,5,5,9,34,86,136,206,224,346,365,299,430,384,337,270,210,183,103,73,50,29,15,3819,14,430,,
72,0236,06/21/2020,S,46,14,17,11,6,23,24,55,87,139,271,300,316,347,390,422,445,392,297,239,247,139,60,16,4303,17,445,,
33,0237,06/21/2020,N,11,5,5,2,1,3,1,13,30,52,97,80,72,69,71,83,88,62,61,41,46,28,7,4,932,11,97,,
33,0237,06/21/2020,S,2,0,2,0,0,6,14,18,30,23,38,41,36,34,32,25,30,19,20,11,11,6,6,0,404,12,41,,
37,0238,06/21/2020,E,250,141,113,112,146,155,192,273,443,576,900,1029,1258,1255,1318,1268,1215,1172,1058,850,669,615,476,309,15793,15,1318,,
37,0238,06/21/2020,W,132,127,91,74,88,116,184,299,453,599,757,984,1026,1093,1136,1083,1027,941,764,724,576,508,397,266,13445,15,1136,,
34,0239,06/21/2020,E,18,9,4,2,2,4,10,18,34,76,128,104,109,115,147,141,131,128,83,59,73,41,4,7,1447,15,147,,
34,0239,06/21/2020,W,8,2,3,1,4,12,48,36,57,87,97,134,167,117,86,75,65,62,40,45,13,18,11,6,1194,13,167,,
76,0240,06/21/2020,E,52,24,13,29,38,65,77,123,199,309,358,404,402,415,319,330,283,301,279,208,161,128,65,51,4633,14,415,,
76,0240,06/21/2020,W,59,48,27,18,21,22,61,69,110,131,228,317,408,401,395,375,397,388,376,341,264,237,141,63,4897,13,408,,
37,0241,06/21/2020,N,14,4,2,8,3,10,14,26,60,87,96,77,130,100,90,85,88,75,83,57,42,39,19,7,1216,13,130,,
37,0241,06/21/2020,S,12,8,9,3,7,10,15,28,39,59,110,87,116,81,107,77,72,79,66,65,59,23,15,13,1160,13,116,,
37,0242,06/21/2020,N,14,8,5,6,0,11,19,23,42,68,95,121,143,117,82,98,109,108,92,93,57,42,25,9,1387,13,143,,
37,0242,06/21/2020,S,16,15,11,5,3,11,20,29,48,71,87,105,122,74,93,102,85,75,69,58,50,42,23,12,1226,13,122,,
48,0243,06/21/2020,N,42,23,7,15,13,25,25,53,91,115,198,215,174,197,183,191,192,169,139,128,120,78,66,43,2502,12,215,,
48,0243,06/21/2020,S,70,57,44,55,14,18,22,45,68,137,148,194,243,222,209,190,198,157,165,138,129,76,61,46,2706,13,243,,
54,0245,06/21/2020,N,2,3,5,3,1,1,9,13,24,35,38,46,70,69,55,62,73,65,66,51,50,20,8,4,773,17,73,,
54,0245,06/21/2020,S,7,3,0,2,2,6,10,17,23,42,60,46,58,59,53,47,44,38,35,27,31,33,7,5,655,11,60,,
11,0246,06/21/2020,E,45,29,15,15,35,53,100,164,249,351,397,420,471,458,402,370,363,351,322,279,235,165,112,72,5473,13,471,,
11,0246,06/21/2020,W,70,46,32,22,17,21,66,123,153,239,314,443,425,421,365,411,365,364,339,306,288,230,127,68,5255,12,443,,
53,0247,06/21/2020,N,10,6,6,3,4,9,18,32,49,56,109,129,120,105,100,113,102,95,66,80,47,44,53,46,1402,12,129,,
53,0247,06/21/2020,S,14,7,6,3,1,4,28,18,58,71,73,106,114,113,110,107,96,72,82,61,35,21,16,14,1230,13,114,,
53,0248,06/21/2020,E,10,8,8,14,7,6,19,37,63,95,163,232,189,161,184,151,147,111,91,90,57,58,30,14,1945,12,232,,
53,0248,06/21/2020,W,15,4,9,2,3,15,40,32,63,105,89,112,146,120,113,118,83,111,65,46,23,23,19,14,1370,13,146,,
36,0249,06/21/2020,E,150,124,116,74,77,73,137,258,386,439,587,661,775,729,738,735,691,665,624,631,511,408,299,182,10070,13,775,,
36,0249,06/21/2020,W,162,70,48,56,55,114,251,256,410,665,801,799,797,736,753,709,654,646,652,471,447,329,295,154,10330,11,801,,
57,0250,06/21/2020,N,94,57,42,56,77,128,203,266,356,485,609,637,691,654,714,681,606,646,491,405,309,215,167,131,8720,15,714,,
57,0250,06/21/2020,S,96,61,43,33,68,122,170,232,321,508,646,738,734,726,644,643,636,562,553,427,313,265,158,116,8815,12,738,,
58,0251,06/21/2020,E,10,8,12,9,4,11,12,44,39,62,78,100,91,86,106,118,98,93,81,65,38,25,14,8,1212,16,118,,
58,0251,06/21/2020,W,51,34,5,7,7,7,23,30,51,95,125,99,125,114,111,82,64,80,70,44,42,25,13,8,1312,11,125,,
59,0252,06/21/2020,N,4,1,2,1,2,5,10,25,29,54,63,65,75,68,67,60,48,52,61,47,42,31,7,3,822,13,75,,
59,0252,06/21/2020,S,17,6,5,5,3,2,10,9,25,46,57,79,67,76,51,70,68,80,58,47,42,30,21,6,880,18,80,,
86,0255,06/21/2020,E,267,222,189,153,103,156,224,370,426,613,916,919,1163,1068,1116,1160,1031,921,819,710,620,526,429,312,14433,13,1163,,
86,0255,06/21/2020,W,329,233,169,121,101,109,195,326,438,630,892,972,1103,1158,1137,1020,965,790,802,677,634,525,418,334,14078,14,1158,,
86,0256,06/21/2020,E,116,76,65,38,35,80,114,158,271,475,608,703,694,738,694,740,640,624,584,462,468,335,247,144,9109,16,740,,
86,0256,06/21/2020,W,116,93,51,37,32,43,105,188,308,394,476,578,648,567,588,601,505,494,467,364,330,286,151,90,7512,13,648,,
87,0258,06/21/2020,N,227,127,104,68,64,85,191,259,345,451,502,528,635,710,701,646,611,605,618,552,560,476,357,294,9716,14,710,,
87,0258,06/21/2020,S,256,174,153,113,73,101,226,282,370,480,540,572,632,748,737,658,606,656,669,595,583,477,416,347,10464,14,748,,
89,0259,06/21/2020,N,31,14,15,7,17,34,50,114,179,254,294,442,493,459,465,372,350,286,236,169,119,74,46,34,4554,13,493,,
89,0259,06/21/2020,S,22,17,4,7,7,43,85,110,173,214,348,317,393,352,345,292,323,288,234,195,133,78,37,32,4049,13,393,,
94,0260,06/21/2020,N,305,207,131,147,168,330,561,841,1131,1474,1807,2124,2202,2056,2022,1932,1921,1734,1682,1532,1206,922,651,383,27469,13,2202,,
94,0260,06/21/2020,S,406,230,163,160,199,241,431,531,774,1114,1467,1923,2212,2202,2347,2444,2291,2395,2137,2137,2021,1629,956,531,30941,16,2444,,
11,0262,06/21/2020,N,33,32,8,9,13,29,42,88,157,254,279,319,296,276,271,292,212,209,203,175,142,126,44,26,3535,12,319,,
11,0262,06/21/2020,S,47,22,13,14,12,18,46,112,131,247,314,306,283,293,318,320,297,291,246,213,181,118,78,32,3952,16,320,,
73,0263,06/21/2020,N,87,39,30,32,21,22,49,79,113,160,252,294,354,372,384,344,365,313,289,235,236,154,103,73,4400,15,384,,
73,0263,06/21/2020,S,37,27,21,27,25,43,86,125,176,236,366,350,352,390,311,254,282,241,228,178,145,115,104,38,4157,14,390,,
36,0264,06/21/2020,E,75,66,50,45,29,48,87,207,386,467,628,733,847,806,792,725,693,614,545,478,414,286,166,112,9299,13,847,,
36,0264,06/21/2020,W,77,51,46,34,39,74,122,215,366,528,702,734,784,694,693,669,651,670,604,442,342,229,149,95,9010,13,784,,
92,0265,06/21/2020,E,542,408,335,211,183,174,246,475,669,971,1407,1631,1726,1903,1722,1790,1832,1730,1632,1416,1303,1063,893,676,24938,14,1903,,
92,0265,06/21/2020,W,457,329,279,348,213,250,468,718,806,1038,1482,1704,1792,1920,1904,1801,1661,1631,1548,1365,1189,1056,835,477,25271,14,1920,,
97,0267,06/21/2020,N,333,184,115,107,75,130,185,226,320,452,587,764,974,988,1011,927,867,817,943,913,741,662,455,256,13032,15,1011,,
97,0267,06/21/2020,S,343,271,138,114,88,110,212,272,381,605,819,1009,1182,1301,1203,1113,1032,916,969,969,857,733,573,370,15580,14,1301,,
29,0269,06/21/2020,E,176,137,102,89,132,132,157,220,331,480,741,879,1025,1132,1130,1040,1067,1005,923,752,667,554,398,286,13555,14,1132,,
29,0269,06/21/2020,W,112,107,98,74,103,131,229,352,528,728,970,1161,1209,1195,1087,1022,915,745,700,643,463,389,286,219,13466,13,1209,,
03,0270,06/21/2020,E,13,9,5,5,7,8,20,29,89,127,149,210,207,189,150,173,126,97,101,109,60,28,29,25,1965,12,210,,
03,0270,06/21/2020,W,6,6,3,5,6,11,12,20,54,91,127,201,201,192,161,193,228,205,205,183,113,88,61,37,2409,17,228,,
04,0271,06/21/2020,E,29,13,12,14,10,19,37,62,114,159,207,208,209,201,213,192,200,188,163,134,131,87,29,35,2666,15,213,,
04,0271,06/21/2020,W,24,11,16,8,7,27,42,58,81,132,151,205,225,233,204,171,187,161,169,125,113,77,44,24,2495,14,233,,
05,0272,06/21/2020,E,40,18,4,8,7,19,27,37,61,84,89,97,120,110,88,75,82,86,87,58,34,45,21,17,1314,13,120,,
05,0272,06/21/2020,W,18,18,20,14,14,10,21,28,44,74,68,80,113,115,133,131,87,101,89,72,53,43,34,29,1409,15,133,,
12,0273,06/21/2020,N,16,14,16,10,12,39,55,102,158,217,239,261,331,264,262,203,223,199,170,156,128,98,51,31,3255,13,331,,
12,0273,06/21/2020,S,28,20,23,15,28,16,45,78,106,167,208,270,318,303,319,274,224,243,218,207,180,108,92,40,3530,15,319,,
16,0274,06/21/2020,N,63,50,27,22,45,82,160,224,414,475,668,832,913,846,796,664,678,667,681,564,494,312,162,83,9922,13,913,,
16,0274,06/21/2020,S,82,46,42,41,50,93,130,290,414,516,619,721,820,807,764,677,670,665,564,481,473,304,160,91,9520,13,820,,
16,0275,06/21/2020,E,117,88,89,65,58,59,99,120,171,212,287,317,349,361,395,387,353,325,342,274,273,205,142,101,5189,15,395,,
16,0275,06/21/2020,W,96,89,80,96,92,78,104,111,172,216,301,328,342,352,367,374,342,306,320,259,254,236,161,147,5223,16,374,,
10,0276,06/21/2020,E,44,30,19,19,13,24,41,84,129,172,178,181,245,243,221,238,229,195,203,173,143,97,75,32,3028,13,245,,
10,0276,06/21/2020,W,37,28,33,14,15,37,60,98,118,190,226,243,308,231,214,208,184,198,175,162,155,89,63,25,3111,13,308,,
32,0277,06/21/2020,E,10,3,6,6,5,9,8,6,16,26,42,50,64,45,52,42,56,41,51,34,38,15,15,13,653,13,64,,
32,0277,06/21/2020,W,9,5,6,3,9,4,12,12,30,31,46,58,74,48,51,49,40,33,34,35,29,19,12,5,654,13,74,,
34,0278,06/21/2020,N,31,18,15,21,11,22,41,68,118,173,232,257,239,221,249,225,195,165,154,123,101,70,60,44,2853,12,257,,
34,0278,06/21/2020,S,26,19,18,13,13,21,40,87,104,164,212,252,335,338,312,296,296,294,223,205,170,104,48,38,3628,14,338,,
35,0279,06/21/2020,E,29,37,21,30,18,13,32,47,74,106,150,169,210,200,245,199,174,186,161,139,132,105,44,33,2554,15,245,,
35,0279,06/21/2020,W,23,17,19,16,14,28,50,43,65,112,153,221,206,198,202,182,172,173,147,123,93,77,41,30,2405,12,221,,
38,0280,06/21/2020,E,9,6,4,3,4,12,16,25,45,63,107,104,100,90,101,78,80,78,54,31,31,20,7,11,1079,11,107,,
38,0280,06/21/2020,W,4,1,2,1,10,7,5,16,40,44,57,78,88,96,95,74,86,70,47,43,45,25,11,7,952,14,96,,
50,0281,06/21/2020,N,6,8,2,2,1,7,12,19,12,37,63,78,60,65,60,54,51,62,42,53,41,34,16,13,798,12,78,,
50,0281,06/21/2020,S,7,3,5,3,2,6,5,19,29,24,32,43,55,65,62,47,59,56,40,44,25,30,18,6,685,14,65,,
48,0282,06/21/2020,E,51,39,23,42,31,77,214,183,265,366,591,884,964,785,715,681,637,543,526,368,287,181,109,69,8631,13,964,,
48,0282,06/21/2020,W,67,36,25,26,24,36,78,213,225,280,372,469,671,710,749,749,680,609,593,504,367,253,175,123,8034,15,749,,
08,0283,06/21/2020,N,105,97,42,40,40,79,133,292,415,548,729,855,925,919,826,752,700,678,582,513,451,322,199,105,10347,13,925,,
08,0283,06/21/2020,S,90,55,25,34,33,67,122,268,409,578,833,836,948,872,859,841,802,755,652,526,442,346,195,99,10687,13,948,,
70,0284,06/21/2020,N,21,18,10,9,11,20,45,120,184,195,335,402,405,375,373,407,417,375,352,202,146,89,31,28,4570,17,417,,
70,0284,06/21/2020,S,23,21,13,2,15,28,58,129,229,280,325,451,444,442,431,347,299,277,228,165,127,54,55,26,4469,12,451,,
58,0285,06/21/2020,N,5,8,4,3,2,7,9,14,24,35,53,32,52,50,42,51,49,50,37,25,31,18,14,12,627,11,53,,
58,0285,06/21/2020,S,7,7,6,1,2,12,11,21,26,41,49,56,55,54,58,45,44,41,51,43,16,21,6,6,679,15,58,,
29,0286,06/21/2020,N,42,32,30,16,28,49,32,72,71,168,185,200,245,247,290,230,238,216,207,195,194,125,93,47,3252,15,290,,
29,0286,06/21/2020,S,47,33,28,15,21,30,59,75,135,190,207,231,282,248,262,238,242,233,233,190,148,112,76,68,3403,13,282,,
89,0289,06/21/2020,E,3,5,3,3,6,16,22,43,43,43,59,93,86,77,65,80,57,54,39,39,27,34,15,10,922,12,93,,
89,0289,06/21/2020,W,7,9,6,4,2,10,11,28,19,42,53,84,73,82,108,70,78,72,57,46,42,19,16,13,951,15,108,,
08,0294,06/21/2020,N,60,36,34,9,16,31,62,82,157,258,308,364,408,406,321,341,296,272,280,210,205,161,109,60,4486,13,408,,
08,0294,06/21/2020,S,71,27,16,19,28,28,47,121,133,231,276,311,306,291,253,246,255,259,200,181,138,144,84,35,3700,12,311,,
15,0295,06/21/2020,N,273,202,136,117,93,116,188,303,410,615,832,953,1041,1125,1026,945,920,890,768,669,663,570,446,278,13579,14,1125,,
15,0295,06/21/2020,S,224,181,122,107,77,103,172,307,526,651,901,947,1074,1127,1102,1020,986,883,829,748,688,516,411,260,13962,14,1127,,
59,0296,06/21/2020,N,43,37,26,20,21,58,71,133,255,381,552,549,633,613,613,646,638,608,582,467,378,258,159,80,7821,16,646,,
59,0296,06/21/2020,S,58,28,17,28,33,56,121,175,289,461,582,652,667,605,586,522,515,442,332,299,217,176,90,43,6994,13,667,,
29,0297,06/21/2020,N,21,13,7,4,6,14,22,25,60,99,137,129,124,108,135,112,131,109,107,83,70,42,26,8,1592,11,137,,
29,0297,06/21/2020,S,18,15,14,4,8,21,24,42,55,89,97,140,157,111,120,82,85,69,68,53,54,36,26,8,1396,13,157,,
86,0298,06/21/2020,N,333,233,166,124,131,205,393,494,652,836,1114,1183,1298,1332,1412,1213,1121,1129,1026,919,773,674,519,351,17631,15,1412,,
86,0298,06/21/2020,S,351,253,175,129,106,121,221,445,585,792,999,1113,1159,1398,1393,1333,1153,1097,1084,975,928,735,633,383,17561,14,1398,,
77,0299,06/21/2020,E,76,31,38,28,26,67,105,125,208,313,397,451,508,456,449,452,448,381,327,311,241,190,104,90,5822,13,508,,
77,0299,06/21/2020,W,80,28,29,28,43,65,52,50,174,255,343,237,421,395,386,411,187,368,255,314,264,129,13,82,4609,13,421,,
55,0300,06/21/2020,N,28,13,8,15,12,33,101,86,131,211,278,307,283,312,345,327,330,345,349,216,188,116,68,28,4130,19,349,,
55,0300,06/21/2020,S,36,19,17,8,15,105,61,110,113,224,257,346,378,336,311,328,289,252,222,173,148,110,78,30,3966,13,378,,
56,0301,06/21/2020,E,34,12,12,13,7,12,12,54,66,105,185,190,214,171,189,165,170,161,145,136,116,79,64,40,2352,13,214,,
56,0301,06/21/2020,W,22,14,10,11,5,13,25,32,47,64,99,128,137,146,173,142,137,151,114,88,80,64,47,34,1783,15,173,,
15,0302,06/21/2020,E,115,86,71,69,100,145,184,284,358,409,541,691,655,696,643,692,759,702,639,647,594,481,265,235,10061,17,759,,
15,0302,06/21/2020,W,175,117,92,52,72,105,169,256,305,442,582,765,873,976,861,804,700,701,604,551,380,402,278,251,10513,14,976,,
55,0304,06/21/2020,E,328,216,161,187,148,277,429,603,817,1219,1461,1803,1960,1924,1837,1828,1744,1784,1630,1359,1140,889,622,470,24836,13,1960,,
55,0304,06/21/2020,W,289,217,161,115,121,157,290,519,805,976,1315,1396,1636,1676,1778,1708,1682,1583,1390,1260,1184,1056,737,458,22509,15,1778,,
46,0305,06/21/2020,E,782,534,412,325,240,279,504,747,1136,1686,1952,1901,1901,1880,1976,2083,2190,2180,1919,1573,1431,1039,952,652,30274,17,2190,,
46,0305,06/21/2020,W,464,288,214,195,258,363,615,1032,1318,1805,2064,2214,2199,2114,1995,1963,1780,1567,1359,1242,940,733,526,320,27568,12,2214,,
86,0306,06/21/2020,E,137,88,59,34,34,50,156,219,287,371,438,491,593,618,534,543,519,533,526,432,382,236,183,153,7616,14,618,,
86,0306,06/21/2020,W,274,121,114,57,24,39,72,142,217,253,314,379,416,542,599,447,520,572,722,694,785,354,310,196,8163,21,785,,
46,0308,06/21/2020,N,90,70,53,56,53,61,140,203,311,561,644,819,862,820,789,680,642,647,621,576,408,249,189,106,9650,13,862,,
46,0308,06/21/2020,S,75,52,47,27,50,81,188,291,406,532,691,750,838,731,714,650,646,593,566,520,412,240,151,88,9339,13,838,,
16,0310,06/21/2020,N,369,228,212,201,245,436,567,774,917,1144,1412,1703,1780,1841,1764,1745,1632,1600,1461,1240,1038,944,639,368,24260,14,1841,,
16,0310,06/21/2020,S,486,343,278,218,196,195,342,502,655,992,1270,1530,1643,1820,1785,1753,1723,1746,1559,1359,1149,983,781,625,23933,14,1820,,
78,0311,06/21/2020,N,100,55,33,43,51,123,248,390,687,861,1005,1148,1203,1018,946,896,867,792,685,595,428,293,166,129,12762,13,1203,,
78,0311,06/21/2020,S,166,82,59,33,34,37,119,275,449,609,893,992,1159,1104,1105,1075,1045,988,919,765,683,501,323,193,13608,13,1159,,
54,0312,06/21/2020,N,15,14,7,6,6,18,32,33,63,102,175,171,215,211,175,171,186,193,154,127,98,87,58,32,2349,13,215,,
54,0312,06/21/2020,S,22,6,9,8,11,19,33,50,68,97,134,182,183,177,204,223,141,157,135,106,71,58,49,24,2167,16,223,,
51,0313,06/21/2020,N,19,23,10,3,6,10,22,69,90,151,157,105,130,142,128,140,125,121,128,78,81,48,36,26,1848,11,157,,
51,0313,06/21/2020,S,18,11,5,5,5,19,29,52,62,86,103,90,115,121,128,161,142,116,80,72,59,43,27,23,1572,16,161,,
88,0314,06/21/2020,N,77,69,65,38,41,47,131,203,301,408,429,533,610,612,571,540,469,476,416,374,310,239,172,113,7244,14,612,,
88,0314,06/21/2020,S,88,50,59,35,32,60,73,173,279,307,496,552,598,639,534,572,517,484,410,383,341,248,184,117,7231,14,639,,
46,0315,06/21/2020,N,29,19,13,19,8,26,32,40,72,125,101,197,148,142,126,106,111,93,83,84,86,49,29,18,1756,12,197,,
46,0315,06/21/2020,S,32,22,19,14,16,28,38,85,117,113,147,129,132,120,115,118,110,96,81,88,60,48,27,14,1769,11,147,,
51,0316,06/21/2020,E,15,12,6,4,6,4,19,31,37,41,89,75,74,76,102,79,106,86,69,54,35,43,28,15,1106,17,106,,
51,0316,06/21/2020,W,17,45,34,7,3,4,22,32,34,62,88,92,68,85,93,86,83,88,79,52,34,41,26,15,1190,15,93,,
36,0317,06/21/2020,N,544,371,295,318,402,633,1009,1552,2093,2638,3144,3603,3625,3322,3162,3009,2735,2510,2244,1970,1835,1536,1512,904,44966,13,3625,,
36,0317,06/21/2020,S,682,591,454,373,338,422,549,835,1281,1779,2453,3071,3416,3772,4085,3889,3842,3677,3351,2896,1769,1180,1142,750,46597,15,4085,,
57,0318,06/21/2020,E,203,125,144,107,155,196,257,443,655,951,1090,1180,1204,1179,1266,1256,918,1297,815,701,601,394,323,210,15670,18,1297,,
57,0318,06/21/2020,W,165,85,73,108,115,168,244,404,595,951,1147,1243,1105,1027,1187,1075,996,990,860,647,517,380,276,207,14565,12,1243,,
16,0319,06/21/2020,N,69,37,17,28,31,40,88,107,141,237,343,342,364,382,319,347,312,347,300,254,227,167,130,74,4703,14,382,,
16,0319,06/21/2020,S,57,52,33,44,46,61,110,82,141,187,265,330,337,397,322,346,343,339,303,265,225,179,128,65,4657,14,397,,
29,0320,06/21/2020,N,289,237,202,161,179,283,438,788,1093,1541,1811,2074,2128,2135,2153,1874,1760,1513,1273,1010,828,753,526,462,25511,15,2153,,
29,0320,06/21/2020,S,423,309,252,255,232,257,385,453,717,1135,1530,1955,2252,2286,2214,2165,2254,2025,1750,1464,1297,1099,691,564,27964,14,2286,,
10,0321,06/21/2020,E,336,210,184,174,96,134,233,279,385,626,802,991,1197,1263,1195,1148,1138,1069,1076,973,856,769,602,407,16143,14,1263,,
10,0321,06/21/2020,W,308,213,151,127,84,110,200,328,431,627,867,1006,1224,1296,1301,1324,1199,1172,1122,978,800,724,479,330,16401,16,1324,,
70,0322,06/21/2020,N,147,130,124,82,131,211,328,536,772,1013,1234,1275,1292,1348,1277,1177,1202,1019,882,739,616,455,333,228,16551,14,1348,,
70,0322,06/21/2020,S,239,148,130,114,141,138,216,322,490,705,1005,1222,1249,1522,1553,1382,1615,1386,1190,1124,868,617,527,421,18324,17,1615,,
26,0323,06/21/2020,N,163,86,59,37,43,63,132,200,243,386,493,659,647,676,682,660,618,639,598,539,516,406,283,171,8999,15,682,,
26,0323,06/21/2020,S,162,96,67,25,55,33,91,139,201,339,435,588,664,667,723,699,668,688,653,586,483,403,284,155,8904,15,723,,
02,0324,06/21/2020,E,72,50,45,28,35,55,98,146,240,370,494,573,615,626,632,604,618,522,458,352,302,254,121,80,7390,15,632,,
02,0324,06/21/2020,W,73,36,21,23,17,72,126,218,361,410,539,644,661,589,572,460,425,403,345,283,252,180,134,78,6922,13,661,,
48,0325,06/21/2020,E,38,35,20,27,38,76,112,226,326,472,503,533,547,548,470,517,445,442,369,270,244,141,95,47,6541,14,548,,
48,0325,06/21/2020,W,66,41,27,25,27,39,79,157,291,378,496,541,582,554,535,520,529,477,381,340,259,164,111,50,6669,13,582,,
09,0327,06/21/2020,N,48,23,15,11,25,25,41,58,105,140,191,236,242,225,254,248,269,204,208,145,131,103,81,42,3070,17,269,,
09,0327,06/21/2020,S,17,14,19,15,15,31,34,70,114,182,229,292,327,301,312,352,322,297,314,238,185,130,88,56,3954,16,352,,
47,0328,06/21/2020,N,12,8,7,2,6,24,45,121,169,238,197,189,164,170,168,174,136,138,115,100,53,49,12,8,2305,10,238,,
47,0328,06/21/2020,S,8,8,4,8,8,24,35,36,54,100,130,133,138,168,154,139,126,89,88,62,62,40,24,13,1651,14,168,,
78,0329,06/21/2020,N,74,39,29,16,28,52,148,280,471,731,858,963,940,954,980,1080,1024,967,851,686,518,335,188,82,12294,16,1080,,
78,0329,06/21/2020,S,106,73,44,19,19,45,108,261,438,695,937,1013,1104,1057,935,936,864,802,678,548,497,313,225,79,11796,13,1104,,
58,0330,06/21/2020,E,6,9,10,12,4,10,8,19,41,53,67,79,60,55,64,60,55,58,42,35,25,16,16,8,812,12,79,,
58,0330,06/21/2020,W,21,22,4,7,3,10,10,19,29,32,54,73,86,73,65,68,69,63,52,36,33,25,24,7,885,13,86,,
86,0331,06/21/2020,N,2573,1737,1351,1054,955,1178,1735,2299,2952,3945,4723,5785,6325,6592,6660,6291,5994,5666,6099,5469,4876,4193,3447,2513,94412,15,6660,,
86,0331,06/21/2020,S,2587,1886,1387,1044,925,1039,1686,2008,2481,3466,4423,5498,6059,6316,6446,6116,6085,6332,6287,5903,5517,4929,3810,2920,95150,15,6446,,
13,0333,06/21/2020,E,128,86,81,72,69,162,298,457,634,847,1110,1227,1316,1255,1189,1228,1100,973,861,729,617,448,302,132,15321,13,1316,,
13,0333,06/21/2020,W,174,105,76,66,63,74,200,373,542,892,928,1134,1271,1276,1174,1054,1051,954,900,902,732,562,374,217,15094,14,1276,,
89,0334,06/21/2020,N,432,295,164,144,178,281,501,788,1005,1349,1718,2077,2348,2174,2105,2153,2118,1959,1770,1732,1434,1084,782,500,29091,13,2348,,
89,0334,06/21/2020,S,355,221,158,163,200,398,646,738,922,1259,1607,2189,2187,2383,2495,2463,2377,2399,2273,2132,1959,1679,1027,605,32835,15,2495,,
73,0335,06/21/2020,E,69,47,28,12,20,68,191,284,508,654,860,982,985,900,863,744,658,592,527,443,339,196,117,59,10146,13,985,,
73,0335,06/21/2020,W,147,76,51,20,24,37,112,175,328,485,668,765,824,775,762,827,823,801,642,598,578,420,206,74,10218,16,827,,
47,0337,06/21/2020,N,10,5,6,4,2,18,33,47,73,102,130,111,122,100,103,94,65,80,80,61,46,31,16,7,1346,11,130,,
47,0337,06/21/2020,S,11,5,6,5,14,8,22,26,48,89,106,92,116,120,121,110,130,85,103,70,52,25,22,15,1401,17,130,,
77,0343,06/21/2020,E,0,0,0,0,0,0,0,0,0,0,0,0,0,0,0,0,0,0,0,0,0,0,0,0,0,01,0,,
77,0343,06/21/2020,W,862,504,408,276,292,522,792,965,1480,2083,2658,3263,3508,3641,3825,3704,4017,3820,3680,3312,2970,2067,1713,1188,51550,17,4017,,
61,0344,06/21/2020,E,9,7,3,3,8,22,28,47,50,89,92,110,136,104,115,93,91,83,87,60,42,25,25,10,1339,13,136,,
61,0344,06/21/2020,W,13,5,6,4,4,5,18,33,29,85,99,90,125,120,116,119,102,85,83,65,58,57,22,22,1365,13,125,,
70,0345,06/21/2020,N,167,100,76,49,61,136,226,298,400,537,682,742,746,824,786,767,721,679,651,523,467,383,280,173,10474,14,824,,
70,0345,06/21/2020,S,175,133,90,54,44,65,117,245,353,446,545,692,786,792,790,770,759,683,694,532,504,396,270,205,10140,14,792,,
48,0348,06/21/2020,N,46,25,16,33,30,76,103,190,261,381,488,569,471,394,380,303,316,263,240,184,183,105,69,42,5168,12,569,,
48,0348,06/21/2020,S,36,27,23,13,25,27,54,57,71,186,206,247,326,374,370,332,287,385,285,213,172,131,88,46,3981,18,385,,
55,0349,06/21/2020,N,84,49,28,25,22,41,60,117,141,237,270,340,412,429,479,469,401,432,376,348,271,161,110,59,5361,15,479,,
55,0349,06/21/2020,S,74,81,26,16,17,28,81,115,143,194,276,374,428,417,415,414,359,337,291,254,203,146,99,58,4846,13,428,,
01,0350,06/21/2020,N,213,162,142,122,161,307,466,657,1006,1382,1685,1984,1892,1957,1907,1797,1734,1535,1376,1186,995,803,596,341,24406,12,1984,,
01,0350,06/21/2020,S,314,223,138,135,164,189,303,503,737,1111,1452,1785,2023,2181,2078,2152,2001,2063,1817,1582,1363,1036,623,440,26413,14,2181,,
57,0356,06/21/2020,N,34,16,6,10,12,15,24,50,81,120,152,160,131,133,107,132,134,130,101,106,84,49,36,30,1853,12,160,,
57,0356,06/21/2020,S,20,15,9,13,9,15,32,41,66,101,138,112,146,133,150,132,128,153,101,104,69,34,26,15,1762,18,153,,
86,0357,06/21/2020,N,104,70,49,50,51,101,221,413,651,821,1093,1145,1196,1133,1062,959,880,886,857,763,610,478,282,187,14062,13,1196,,
86,0357,06/21/2020,S,236,148,72,69,50,67,103,148,263,529,783,1079,1333,1398,1416,1461,1479,1707,1554,1637,1311,1040,866,464,19213,18,1707,,
18,0358,06/21/2020,N,291,194,139,165,280,422,701,1074,1381,1711,2076,2357,1638,2107,2053,1835,1834,1834,1652,1389,1090,806,569,398,27996,12,2357,,
18,0358,06/21/2020,S,407,259,234,194,198,190,303,450,755,1101,1565,1941,2067,2210,2526,2391,2233,2219,2067,1604,1090,1466,1727,670,29867,15,2526,,
46,0359,06/21/2020,N,84,74,53,39,40,64,173,332,408,670,872,967,725,661,554,531,517,503,419,352,317,195,126,83,8759,12,967,,
46,0359,06/21/2020,S,56,44,32,46,47,81,101,171,254,389,468,488,552,586,528,498,430,431,373,255,214,167,119,53,6383,14,586,,
78,0360,06/21/2020,N,55,29,31,17,26,71,148,300,490,599,844,923,910,760,714,703,747,716,648,579,438,264,120,57,10189,12,923,,
78,0360,06/21/2020,S,78,49,31,18,20,32,101,162,363,459,716,754,955,864,776,830,817,756,615,639,519,316,171,98,10139,13,955,,
86,0362,06/21/2020,S,1059,671,375,290,323,535,894,993,1466,2142,2795,3438,3957,4578,4337,4052,3798,3827,4161,3887,3459,3085,2001,1253,57376,14,4578,,
52,0364,06/21/2020,E,6,3,1,3,5,9,39,29,40,58,62,90,94,84,72,64,62,55,51,49,32,26,5,8,947,13,94,,
52,0364,06/21/2020,W,12,6,3,1,3,7,11,14,29,54,72,58,80,78,94,73,65,72,41,45,34,27,28,23,930,15,94,,
47,0365,06/21/2020,N,22,4,3,4,8,13,22,50,70,127,142,120,97,85,87,74,76,80,62,37,40,25,14,9,1271,11,142,,
47,0365,06/21/2020,S,13,6,4,9,11,9,19,24,36,46,59,62,84,74,95,69,78,49,56,44,41,18,14,6,926,15,95,,
60,0366,06/21/2020,E,160,116,123,89,133,191,294,417,647,925,1046,1097,1007,1027,1037,1016,818,993,740,547,462,354,245,164,13648,12,1097,,
60,0366,06/21/2020,W,127,86,74,84,89,127,188,294,421,717,861,896,888,783,984,921,939,896,721,548,417,345,244,197,11847,15,984,,
01,0367,06/21/2020,N,69,38,60,35,57,103,153,203,340,446,478,601,558,557,486,437,431,400,330,318,237,176,132,65,6710,12,601,,
01,0367,06/21/2020,S,88,64,32,33,48,55,98,117,209,280,386,455,554,574,546,562,552,462,426,385,290,259,164,128,6767,14,574,,
48,0368,06/21/2020,N,667,507,465,329,178,219,472,652,922,1303,1703,1882,2100,1980,1997,1986,1911,1811,1698,1645,1560,1172,843,535,28537,13,2100,,
48,0368,06/21/2020,S,327,213,151,117,162,335,592,873,1286,1840,2072,2024,2012,1800,1701,1593,1705,1641,1475,1112,850,677,475,348,25381,11,2072,,
49,0369,06/21/2020,N,8,6,2,4,10,18,33,57,148,217,163,81,87,88,90,102,86,95,51,55,35,25,19,13,1493,10,217,,
49,0369,06/21/2020,S,11,6,4,6,0,10,14,24,39,51,55,70,73,92,125,184,166,145,86,57,50,24,20,15,1327,16,184,,
70,0370,06/21/2020,E,193,102,96,75,126,301,458,596,984,1496,1788,1985,2054,1909,1652,1602,1343,1241,1025,809,668,484,296,225,21508,13,2054,,
70,0370,06/21/2020,W,231,261,148,105,87,167,300,406,593,854,1129,1349,1423,1568,1764,1789,1877,1974,1943,1530,1300,855,462,236,22351,18,1974,,
10,0372,06/21/2020,E,566,354,222,184,139,192,417,446,574,868,1072,1284,1196,1220,1264,1155,1096,1068,1070,992,952,937,688,412,18368,12,1284,,
10,0372,06/21/2020,W,399,343,199,157,139,126,232,411,476,612,875,1155,1224,1319,1280,1162,991,1002,889,876,752,681,521,382,16203,14,1319,,
10,0373,06/21/2020,N,199,115,87,78,98,111,215,227,306,421,521,608,605,662,610,586,538,463,462,560,427,403,253,161,8716,14,662,,
10,0373,06/21/2020,S,310,260,156,178,118,152,232,325,344,464,630,779,901,991,1011,932,859,789,541,739,520,447,384,236,12298,15,1011,,
89,0374,06/21/2020,N,93,36,28,7,10,28,93,183,222,319,470,512,540,561,554,508,493,468,387,359,274,213,119,50,6527,14,561,,
89,0374,06/21/2020,S,40,14,8,10,21,66,143,179,317,387,469,600,571,596,535,549,496,473,365,263,193,142,92,27,6556,12,600,,
54,0375,06/21/2020,E,182,133,106,129,119,142,198,316,430,669,833,1072,1158,1210,1212,1107,1147,966,871,705,638,536,353,286,14518,15,1212,,
54,0375,06/21/2020,W,152,97,106,98,75,119,126,212,340,500,636,835,990,1022,1071,1130,1030,965,865,729,638,504,447,322,13009,16,1130,,
55,0376,06/21/2020,E,52,36,14,25,33,52,103,139,205,375,453,559,603,524,554,574,560,580,493,402,308,248,143,90,7125,13,603,,
55,0376,06/21/2020,W,82,40,23,14,26,70,106,171,252,397,458,586,647,609,640,507,509,415,378,321,264,220,120,75,6930,13,647,,
86,0380,06/21/2020,E,662,434,227,213,246,403,843,949,1253,1791,2407,2704,2973,3273,3196,2954,2937,2972,3192,2546,2336,1856,1505,904,42776,14,3273,,
86,0380,06/21/2020,W,1015,633,430,379,343,383,708,1094,1434,1999,2627,3352,3838,3959,4143,3878,3532,3283,3094,2908,2631,2038,1472,1066,50239,15,4143,,
86,0381,06/21/2020,E,13,9,2,1,8,18,49,62,89,101,156,179,202,173,171,154,149,151,161,154,154,79,57,21,2313,13,202,,
86,0381,06/21/2020,W,0,0,0,0,0,0,0,0,0,0,0,1,0,0,0,0,0,0,0,0,0,0,0,0,1,12,1,,
87,0382,06/21/2020,E,0,0,0,3,18,95,57,69,13,33,48,67,96,69,78,62,45,63,65,0,0,0,2,0,883,13,96,,
87,0382,06/21/2020,W,0,0,0,1,35,26,30,17,36,31,36,56,69,65,53,63,46,85,76,0,0,0,2,1,728,18,85,,
87,0383,06/21/2020,E,205,185,116,47,27,55,102,95,149,217,378,445,602,544,623,627,628,672,671,611,583,462,450,228,8722,18,672,,
87,0383,06/21/2020,W,105,72,52,35,23,120,120,256,372,442,522,593,699,662,631,534,526,484,464,452,349,323,186,111,8133,13,699,,
86,0384,06/21/2020,E,464,332,265,204,199,212,414,558,635,907,1075,1276,1430,1421,1528,1294,1329,1228,1314,1107,1003,900,722,498,20315,15,1528,,
86,0384,06/21/2020,W,559,357,284,169,151,149,261,441,575,837,1076,1248,1361,1481,1442,1411,1268,1345,1402,1290,1179,920,672,549,20427,14,1481,,
57,0385,06/21/2020,E,374,272,241,154,221,366,566,922,1184,1412,1543,1524,1459,1511,1408,1379,1351,1186,1048,847,714,490,357,201,20730,11,1543,,
57,0385,06/21/2020,W,734,491,367,316,264,184,281,513,633,1003,1088,1293,1260,1348,1465,1605,1497,1488,1678,1333,1118,945,851,626,22381,19,1678,,
57,0386,06/21/2020,E,495,354,321,279,225,292,549,839,1120,1304,1381,1433,1478,1592,1490,1427,1419,1451,1387,1240,1277,898,651,332,23234,14,1592,,
57,0386,06/21/2020,W,658,363,211,179,235,323,433,628,955,1366,1475,1487,1597,1570,1506,1496,1627,1650,1471,1352,1107,881,750,515,23835,18,1650,,
58,0398,06/21/2020,N,55,42,35,24,32,45,75,142,199,256,252,342,387,394,436,353,364,328,297,317,246,218,116,67,5022,15,436,,
58,0398,06/21/2020,S,37,28,33,22,24,63,117,137,243,312,394,382,370,367,346,364,326,325,320,258,176,156,93,48,4941,11,394,,
97,0403,06/21/2020,N,1127,724,540,416,384,483,742,1016,1331,1789,2320,2975,3342,3541,3487,3186,2983,2631,2887,2755,2370,2124,1490,904,45547,14,3541,,
97,0403,06/21/2020,S,1038,759,497,415,336,456,741,897,1065,1597,1994,2394,2948,2966,3212,3014,2929,2982,3096,2898,2386,2150,1716,1339,43825,15,3212,,
97,0406,06/21/2020,N,47,21,19,8,17,49,103,186,254,299,428,446,444,356,347,309,294,287,231,225,151,115,67,49,4752,12,446,,
97,0406,06/21/2020,S,35,25,16,26,25,50,62,100,152,209,373,453,458,434,440,503,476,480,389,325,259,196,139,53,5678,16,503,,
97,0416,06/21/2020,N,233,145,126,95,136,248,444,631,874,1157,1451,1664,1737,1703,1751,1616,1570,1473,1252,1165,991,712,458,302,21934,15,1751,,
97,0416,06/21/2020,S,337,210,126,111,104,157,259,352,501,747,857,1479,1692,1885,1895,2017,1924,1898,1690,1016,1234,869,1148,493,23001,16,2017,,
97,0417,06/21/2020,N,201,141,122,89,118,219,397,547,755,1040,1260,1500,1521,1532,1540,1455,1399,1305,1135,1035,907,651,430,280,19579,15,1540,,
97,0417,06/21/2020,S,324,182,115,106,100,148,224,320,463,680,761,1366,1539,1723,1791,1824,1750,1727,1516,865,1141,1017,1129,459,21270,16,1824,,
97,0430,06/21/2020,N,567,323,235,172,181,305,411,610,774,1188,1643,2107,2143,2313,2481,2368,2373,2295,2429,2333,2153,2097,1543,752,33796,15,2481,,
97,0430,06/21/2020,S,491,353,253,199,210,330,601,827,1053,1430,1878,2200,2156,2408,2056,1863,1636,1598,1392,1263,1152,1058,814,600,27821,14,2408,,
10,0446,06/21/2020,N,269,173,113,105,93,186,336,502,859,1242,1556,1668,1773,1731,1661,1414,1393,1351,1169,1064,1001,860,521,278,21318,13,1773,,
10,0446,06/21/2020,S,350,208,157,145,94,90,173,314,549,847,1126,1404,1622,1756,1688,1836,1701,1541,1492,1306,1083,910,610,363,21365,16,1836,,
10,0447,06/21/2020,E,446,307,249,241,185,151,194,272,438,579,668,768,953,968,1072,999,909,820,831,773,753,685,567,453,14281,15,1072,,
10,0447,06/21/2020,W,389,304,251,228,209,181,238,327,478,589,706,801,863,911,910,912,825,821,819,739,681,657,553,471,13863,16,912,,
10,0448,06/21/2020,N,419,279,209,156,111,97,160,326,384,559,786,1017,1198,1281,1301,1215,1203,1085,1007,899,887,769,685,385,16418,15,1301,,
10,0448,06/21/2020,S,287,262,197,181,186,237,391,392,579,860,1177,1347,1477,1462,1461,1270,1212,1016,960,818,684,590,431,240,17717,13,1477,,
10,0449,06/21/2020,N,300,193,128,85,103,154,275,294,472,691,943,934,974,997,914,888,738,796,775,713,605,588,402,252,13214,14,997,,
10,0449,06/21/2020,S,364,235,179,167,111,106,166,264,340,502,709,838,1014,983,1025,1127,1044,942,793,766,805,798,629,347,14254,16,1127,,
10,0450,06/21/2020,E,273,212,173,100,104,110,217,370,581,917,1240,1469,1711,1780,1747,1661,1529,1518,1388,1316,1036,748,525,325,21050,14,1780,,
10,0450,06/21/2020,W,224,151,84,106,108,183,327,509,895,1179,1544,1662,1847,1742,1507,1466,1351,1334,1247,1047,830,610,404,246,20603,13,1847,,
10,0451,06/21/2020,E,250,127,104,107,89,166,264,338,556,791,1096,1241,1337,1363,1294,1333,1249,1278,1195,1003,979,877,410,236,17683,14,1363,,
10,0451,06/21/2020,W,263,168,130,117,79,115,223,362,573,770,1008,1213,1330,1354,1361,1220,1063,1030,1035,837,700,564,372,242,16129,15,1361,,
10,0452,06/21/2020,N,155,98,68,28,43,63,124,252,373,503,743,856,1039,1033,1087,1015,920,875,717,715,554,425,286,145,12117,15,1087,,
10,0452,06/21/2020,S,126,80,49,42,40,107,180,321,464,660,916,1038,1078,1059,965,924,879,775,692,657,540,418,221,129,12360,13,1078,,
97,0453,06/21/2020,N,468,309,209,148,109,161,326,535,651,938,1316,1741,1928,1982,2010,1858,1963,1907,1687,1618,1297,1085,823,380,25449,15,2010,,
97,0453,06/21/2020,S,273,170,127,118,132,302,600,617,1012,1404,1871,2040,2198,2085,1898,1906,1851,1683,1618,1345,1149,861,595,295,26150,13,2198,,
35,9902,06/21/2020,E,197,125,118,110,134,122,193,289,418,585,836,973,1113,1151,1213,1155,1131,959,930,756,594,559,376,284,14321,15,1213,,
35,9902,06/21/2020,W,148,116,97,88,75,101,149,224,381,505,685,851,956,1020,1020,1140,956,938,742,708,577,503,380,306,12666,16,1140,,
26,9904,06/21/2020,N,394,275,235,227,244,393,690,1067,1473,1843,2256,2590,2571,2626,2388,2270,2092,1818,1684,1473,1245,1074,952,643,32523,14,2626,,
26,9904,06/21/2020,S,488,437,306,293,282,299,431,644,916,1433,2000,2457,2689,2841,3055,2786,2755,2633,2443,2054,1615,1330,1023,634,35844,15,3055,,
79,9906,06/21/2020,E,720,423,362,243,261,468,803,1364,2126,2854,3656,4073,4228,4129,3847,3556,3127,2832,2699,2365,1954,1604,1127,745,49566,13,4228,,
79,9906,06/21/2020,W,722,490,369,288,328,515,640,1004,1365,1919,2462,3018,3116,3440,3526,3521,3879,3834,3595,3380,2719,2247,1429,890,48696,17,3879,,
46,9907,06/21/2020,N,112,85,69,48,60,87,206,365,504,768,985,1072,790,786,660,686,635,612,501,426,390,248,163,113,10371,12,1072,,
46,9907,06/21/2020,S,78,50,52,49,57,88,125,191,311,414,527,567,658,711,623,587,554,521,449,330,258,236,147,76,7659,14,711,,
34,9909,06/21/2020,N,58,38,29,20,10,33,55,88,160,265,406,456,492,513,495,434,391,349,329,242,212,155,99,63,5392,14,513,,
34,9909,06/21/2020,S,44,41,21,18,24,29,62,133,234,357,510,559,625,599,505,510,469,410,352,296,223,157,99,64,6341,13,625,,
72,9914,06/21/2020,N,475,345,316,222,220,427,717,869,1003,1315,1618,1743,1998,2124,2008,1976,1754,1868,1830,1564,1277,1181,822,569,28241,14,2124,,
72,9914,06/21/2020,S,486,425,377,228,230,332,555,833,929,1203,1585,1873,2239,2087,2344,2186,2042,2154,1943,1643,1491,1271,999,644,30099,15,2344,,
48,9916,06/21/2020,N,171,82,83,81,70,113,172,307,433,536,771,809,1017,941,871,849,771,688,631,600,490,354,268,133,11241,13,1017,,
48,9916,06/21/2020,S,144,109,61,67,51,119,245,322,560,763,803,742,854,775,683,714,770,745,687,489,395,332,208,122,10760,13,854,,
07,9918,06/21/2020,N,85,45,32,40,31,59,74,137,229,348,401,473,482,474,455,473,394,371,336,293,274,194,148,84,5932,13,482,,
07,9918,06/21/2020,S,97,39,34,26,37,55,79,117,225,303,385,460,578,588,547,596,594,562,543,438,356,273,150,111,7193,16,596,,
70,9919,06/21/2020,N,323,240,191,196,238,435,601,888,1310,1811,2193,2461,2707,2813,2672,2663,2612,2489,2194,2031,1874,1328,859,517,35646,14,2813,,
70,9919,06/21/2020,S,435,271,205,172,200,298,569,743,1203,1716,2079,2684,2793,2838,2898,2657,2790,2616,2343,2280,1851,1264,921,637,36463,15,2898,,
18,9920,06/21/2020,N,305,188,154,173,251,423,686,1036,1324,1631,2009,2240,2282,2046,1996,1845,1742,1770,1590,1352,1070,762,604,412,27891,13,2282,,
18,9920,06/21/2020,S,367,282,252,187,213,194,316,432,749,1056,1484,1855,1922,2163,2487,2287,2232,2185,2020,1467,1110,1618,1591,678,29147,15,2487,,
74,9923,06/21/2020,N,365,335,304,226,257,384,602,927,1249,1700,2170,2354,2504,2369,2297,2161,1950,1704,1526,1223,975,798,583,496,29459,13,2504,,
74,9923,06/21/2020,S,327,259,246,219,231,348,430,602,781,1019,1098,1976,1932,1813,2328,1917,1326,2127,1323,1366,985,813,652,430,24548,15,2328,,
79,9925,06/21/2020,E,58,44,30,25,32,93,113,165,212,323,429,507,520,457,438,405,390,353,279,216,155,125,111,70,5550,13,520,,
79,9925,06/21/2020,W,109,47,42,30,35,39,99,121,174,211,295,410,356,463,490,438,477,454,460,362,271,216,128,99,5826,15,490,,
16,9927,06/21/2020,E,194,137,120,124,89,133,200,235,345,418,510,498,436,444,490,428,406,399,453,379,334,310,280,185,7547,11,510,,
16,9927,06/21/2020,W,161,130,188,74,64,95,118,175,241,343,527,527,569,499,510,468,376,409,337,311,286,257,189,136,6990,13,569,,
79,9929,06/21/2020,N,41,35,22,11,25,30,86,186,282,399,560,579,568,496,408,405,404,309,312,238,217,94,52,32,5791,12,579,,
79,9929,06/21/2020,S,35,35,16,12,35,52,88,161,255,382,411,435,508,455,407,414,435,343,299,268,237,144,72,36,5535,13,508,,
97,9931,06/21/2020,N,236,179,139,120,139,229,384,650,863,1182,1485,1785,1642,1579,1587,1514,1560,1506,1391,1170,947,682,517,388,21874,12,1785,,
97,9931,06/21/2020,S,307,231,183,181,168,195,237,394,604,812,1141,1455,1596,1655,1739,1767,1833,1712,1570,1271,856,1183,1344,537,22971,17,1833,,
97,9933,06/21/2020,N,509,299,200,138,109,140,325,450,646,870,1252,1559,1818,1959,1952,1913,1812,1839,1865,1740,1543,1176,941,592,25647,14,1959,,
97,9933,06/21/2020,S,427,264,154,103,143,288,480,628,898,1151,1651,1933,2223,2474,2195,2158,1864,1839,1716,1652,1417,1192,823,498,28171,14,2474,,
29,9936,06/21/2020,E,192,134,98,92,103,128,136,210,300,441,678,919,992,1111,1133,1031,1073,1016,925,749,659,570,426,290,13406,15,1133,,
29,9936,06/21/2020,W,110,107,95,65,104,133,232,353,552,714,997,1177,1219,1208,1092,992,911,765,717,649,472,396,266,205,13531,13,1219,,
50,9940,06/21/2020,N,34,21,16,24,16,19,47,107,113,143,180,233,249,215,246,230,230,213,212,205,178,135,100,51,3217,13,249,,
50,9940,06/21/2020,S,44,32,14,13,14,29,46,80,88,165,213,233,233,272,278,260,271,238,235,207,196,169,99,59,3488,15,278,,
53,9943,06/21/2020,E,18,5,7,10,12,26,22,34,62,106,103,124,123,166,170,148,155,135,117,131,88,64,37,25,1888,15,170,,
53,9943,06/21/2020,W,20,7,5,10,11,24,49,61,87,114,146,152,171,151,142,141,116,113,116,103,96,46,24,15,1920,13,171,,
87,9947,06/21/2020,N,135,105,75,55,72,63,124,220,288,356,465,502,571,537,499,443,373,396,404,345,317,292,211,181,7029,13,571,,
87,9947,06/21/2020,S,212,95,60,41,64,94,109,146,269,350,438,575,576,547,498,437,429,422,482,439,395,331,272,176,7457,13,576,,
16,9948,06/21/2020,N,125,71,63,42,58,112,198,285,339,518,611,630,685,682,688,689,652,644,609,506,453,378,217,111,9366,16,689,,
16,9948,06/21/2020,S,111,116,88,56,57,85,159,221,280,386,520,635,677,708,714,698,742,721,647,527,437,359,265,148,9357,17,742,,
48,9949,06/21/2020,E,332,286,173,174,202,326,529,781,1292,1808,2016,2156,2166,2122,2118,1720,2401,1798,1542,1191,1005,727,557,385,27807,17,2401,,
48,9949,06/21/2020,W,362,277,179,172,174,254,455,747,1102,1450,2166,2269,2371,2032,2046,2083,1903,1850,1631,1497,1241,926,549,361,28097,13,2371,,
03,9950,06/21/2020,N,356,198,194,133,197,290,534,783,1219,1708,2139,2421,2683,2585,2426,2439,2104,2004,1844,1605,1414,1141,837,476,31730,13,2683,,
03,9950,06/21/2020,S,427,232,187,137,145,342,563,829,1169,1565,1983,2315,2636,2759,2802,2653,2845,2620,2437,2022,1601,1322,942,446,34979,17,2845,,
16,9951,06/21/2020,E,889,500,388,374,350,484,570,809,1123,1764,2412,3031,3355,3329,3224,3162,3174,3236,2940,3426,2892,2373,2029,1316,47150,20,3426,,
16,9951,06/21/2020,W,773,491,396,276,280,353,671,1205,1891,2617,3556,3799,3627,3304,3214,2954,2782,2756,2638,2444,2050,1852,1265,869,46063,12,3799,,
93,9952,06/21/2020,S,605,366,241,204,231,437,733,898,1182,1626,2195,2939,3027,3224,3132,3438,3352,3317,3269,2744,2589,2229,1535,865,44378,16,3438,,
10,9953,06/21/2020,N,944,622,454,397,533,847,1264,1558,2236,3391,4114,4820,4906,4833,4499,4268,4337,4380,4280,3634,3332,2980,2129,1228,65986,13,4906,,
10,9953,06/21/2020,S,1024,654,536,481,440,509,1131,1572,2018,2514,3191,4026,4460,4581,4694,4426,4462,4341,3927,3382,2747,2257,1809,1304,60486,15,4694,,
10,9955,06/21/2020,N,422,270,187,184,205,282,469,761,909,1181,1558,1834,2022,1690,1438,1204,1272,1453,1575,1307,999,796,616,411,23045,13,2022,,
10,9955,06/21/2020,S,309,197,166,111,155,244,460,546,795,1133,1396,1655,1745,1836,1907,1858,1769,1748,1647,1370,1075,1060,1064,536,24782,15,1907,,
32,9956,06/21/2020,N,319,241,194,167,168,207,379,645,988,1408,1710,2033,2177,2158,2070,1872,1714,1400,1212,1011,809,603,526,394,24405,13,2177,,
32,9956,06/21/2020,S,318,235,214,227,223,251,341,446,715,1060,1517,1787,1864,2145,1745,1893,1931,1742,1358,1234,1213,778,520,497,24254,14,2145,,
53,9957,06/21/2020,N,15,6,7,5,8,9,23,29,55,70,109,126,152,125,101,114,100,111,118,82,69,33,30,17,1514,13,152,,
53,9957,06/21/2020,S,14,4,7,6,7,4,33,41,46,110,108,107,97,120,97,86,94,93,83,54,33,32,20,14,1310,14,120,,
60,9958,06/21/2020,E,139,118,99,99,100,162,314,426,693,1034,1223,1166,1079,1000,959,926,821,808,719,506,445,321,210,165,13532,11,1223,,
60,9958,06/21/2020,W,100,72,69,83,78,99,145,204,359,568,699,804,848,980,1075,933,953,849,695,487,384,277,229,178,11168,15,1075,,
60,9959,06/21/2020,N,30,13,11,8,21,34,86,170,279,364,412,397,389,239,282,229,174,164,132,113,87,67,37,20,3758,11,412,,
60,9959,06/21/2020,S,25,13,13,8,13,18,38,50,80,121,165,246,280,279,290,274,251,214,145,120,84,68,45,29,2869,15,290,,
97,9961,06/21/2020,N,252,193,126,124,97,194,310,392,586,845,965,1119,1158,1306,1316,1300,1207,1268,1196,1167,1038,766,591,437,17953,15,1316,,
97,9961,06/21/2020,S,299,173,151,144,137,159,244,399,583,848,1279,1547,1650,1786,1675,1746,1695,1690,1192,928,670,560,549,426,20530,14,1786,,
10,9962,06/21/2020,E,1232,758,657,622,508,623,1096,1422,1826,2614,3392,4105,4321,4402,4340,4096,4421,4350,3772,4074,3448,2748,2624,1397,62848,17,4421,,
10,9962,06/21/2020,W,1016,632,564,384,376,545,934,1492,2257,3193,4190,4666,4648,4354,4312,3999,3713,3171,3198,3165,2823,2407,1880,1131,59050,12,4666,,
28,9963,06/21/2020,N,162,122,112,92,107,133,205,300,515,688,852,956,950,969,879,856,760,773,654,561,439,372,268,211,11936,14,969,,
28,9963,06/21/2020,S,170,134,89,82,75,102,203,221,346,449,674,725,901,938,760,910,830,680,753,604,493,414,292,210,11055,14,938,,
93,9964,06/21/2020,N,65,47,25,15,18,25,53,66,91,114,162,210,197,227,189,193,204,201,173,177,164,144,104,73,2937,14,227,,
93,9964,06/21/2020,S,51,39,30,17,24,33,83,93,101,125,196,222,255,268,264,254,236,228,206,199,194,176,109,65,3468,14,268,,
93,9965,06/21/2020,N,36,22,18,21,18,32,83,102,149,203,237,242,247,258,224,253,197,160,170,139,116,103,85,73,3188,14,258,,
93,9965,06/21/2020,S,32,18,12,12,18,36,85,65,110,130,155,213,256,327,299,334,343,356,351,304,258,190,115,71,4090,18,356,,
17,9967,06/21/2020,N,253,148,126,107,198,435,591,828,1117,1495,1710,2002,2033,1973,1800,1877,1857,1591,1441,1281,1034,921,679,376,25873,13,2033,,
17,9967,06/21/2020,S,216,134,91,89,71,85,141,257,353,508,688,907,1115,1147,1069,1238,1208,1127,997,877,699,565,362,249,14193,16,1238,,
